country,iso3,year,population,life_expectancy,inflation_rate,NY.GDP.PCAP.CD
Austria,AUT,1960,7047539,68.5856097560976,1.94574935198645,939.914814681174
Austria,AUT,1961,7086299,69.5773170731707,3.54223986727562,1036.72820436083
Austria,AUT,1962,7129864,69.309512195122,4.38179863851182,1093.01419061569
Austria,AUT,1963,7175811,69.4436585365854,2.70876699499822,1172.55744626178
Austria,AUT,1964,7223801,69.9219512195122,3.86856354936629,1275.45715281679
Austria,AUT,1965,7270889,69.7221951219512,4.93091637676273,1381.07725824421
Austria,AUT,1966,7322066,70.0458536585366,2.05482059257981,1494.04911382106
Austria,AUT,1967,7376998,69.9178048780488,3.97467292898837,1577.14147705169
Austria,AUT,1968,7415403,70.0575609756098,2.76486447339763,1685.66211669148
Austria,AUT,1969,7441055,69.8331707317073,3.08040419539536,1834.0780781796
Austria,AUT,1970,7467086,69.9146341463415,4.37282441582134,2050.7051537705
Austria,AUT,1971,7500482,70.1146341463415,4.70425813828695,2371.65247955003
Austria,AUT,1972,7544201,70.4634146341463,6.35514612686787,2912.59577111524
Austria,AUT,1973,7586115,71.0146341463415,7.53107803827119,3875.48305618551
Austria,AUT,1974,7599038,71.0121951219512,9.52178819742244,4612.61920779656
Austria,AUT,1975,7578903,71.1146341463415,8.44525863917963,5264.91772004051
Austria,AUT,1976,7565525,71.5658536585366,7.31868545106923,5656.1451383787
Austria,AUT,1977,7568430,71.9146341463415,5.49461568127671,6783.95142193665
Austria,AUT,1978,7562305,72.0121951219512,3.57431857551213,8173.32926347245
Austria,AUT,1979,7549425,72.3121951219512,3.70740096353414,9755.4044562579
Austria,AUT,1980,7549433,72.4634146341463,6.32832536226103,10826.9718274995
Austria,AUT,1981,7568710,72.8121951219512,6.80304177599254,9348.48832395232
Austria,AUT,1982,7574140,72.9609756097561,5.43603082512851,9373.48820626125
Austria,AUT,1983,7561910,73.0121951219512,3.33916453409535,9500.05070417494
Austria,AUT,1984,7561434,73.6121951219512,5.66318573909344,8955.84829191534
Austria,AUT,1985,7564985,73.8146341463415,3.18951681805194,9136.17092559695
Austria,AUT,1986,7569794,74.3170731707317,1.70544456731966,13031.8281010744
Austria,AUT,1987,7574586,74.7682926829268,1.40195271783983,16328.5613047296
Austria,AUT,1988,7585317,75.2170731707317,1.91571684671249,17509.7658683817
Austria,AUT,1989,7619567,75.2658536585366,2.56834829029371,17400.5226619741
Austria,AUT,1990,7677850,75.5682926829269,3.26187231878573,21596.068219998
Austria,AUT,1991,7754891,75.6170731707317,3.33742703474791,22323.1312492943
Austria,AUT,1992,7840709,75.8170731707317,4.02084780038554,24782.7118767063
Austria,AUT,1993,7905633,76.0682926829268,3.6317852494318,23987.2037240657
Austria,AUT,1994,7936118,76.419512195122,2.9534093676108,25546.2460525087
Austria,AUT,1995,7948278,76.6682926829268,2.24336631500898,30207.0674314652
Austria,AUT,1996,7959017,76.8707317073171,1.86097115760436,29645.9451251491
Austria,AUT,1997,7968041,77.319512195122,1.30597857227691,26571.7523626508
Austria,AUT,1998,7976789,77.6707317073171,0.922467196680849,27212.4642905708
Austria,AUT,1999,7992324,77.8756097560976,0.56899376588553,27078.7081612201
Austria,AUT,2000,8011566,78.1268292682927,2.3448628535728,24487.2974685956
Austria,AUT,2001,8042293,78.5756097560976,2.65000077279529,24430.495982841
Austria,AUT,2002,8081957,78.6780487804878,1.81035787764128,26334.862215032
Austria,AUT,2003,8121423,78.6317073170732,1.35555370896445,32110.1159661425
Austria,AUT,2004,8171966,79.1804878048781,2.06120618032869,36614.2506533707
Austria,AUT,2005,8227829,79.3317073170732,2.29913785639285,38157.37022862
Austria,AUT,2006,8268641,79.8804878048781,1.44154851119016,40382.2078298575
Austria,AUT,2007,8295487,80.1804878048781,2.16855528800756,46622.9622913635
Austria,AUT,2008,8321496,80.4317073170732,3.21595033239879,51581.3982361071
Austria,AUT,2009,8343323,80.3317073170732,0.506308827696504,47857.4446635266
Austria,AUT,2010,8363404,80.5804878048781,1.81353438995061,46611.1393420232
Austria,AUT,2011,8391643,80.9829268292683,3.2865791487538,51116.8953522042
Austria,AUT,2012,8429991,80.9365853658537,2.48567562177014,48250.4059142637
Austria,AUT,2013,8479823,81.1365853658537,2.00015616900597,50305.3545774973
Austria,AUT,2014,8546356,81.490243902439,1.60581182954473,51314.9722616322
Austria,AUT,2015,8642699,81.190243902439,0.896563335260319,43915.228020857
Austria,AUT,2016,8736668,81.6414634146342,0.891591752655362,45061.4993920192
Austria,AUT,2017,8797566,81.6439024390244,2.08126911385586,47163.7425775142
Austria,AUT,2018,8840521,81.6926829268293,1.99837981429548,51194.0749841299
Austria,AUT,2019,8879920,81.8951219512195,1.53089564152643,49885.9947355204
Austria,AUT,2020,8916864,81.1926829268293,1.38191063351853,48716.4098900349
Austria,AUT,2021,8955797,81.190243902439,2.7666666666667,53648.6437976214
Austria,AUT,2022,9041851,81.2951219512195,8.54686993188457,52336.7725223758
Austria,AUT,2023,9131761,81.7926829268293,7.81413417002831,56579.504175468
Austria,AUT,2024,9177982,81.9951219512195,2.93791574279375,58268.8787651601
Belgium,BEL,1960,9153489,69.7019512195122,0.299467254769694,1290.28607216192
Belgium,BEL,1961,9183948,70.5209756097561,0.992676260767274,1367.78885228138
Belgium,BEL,1962,9220578,70.219512195122,1.40460703543514,1457.26516998378
Belgium,BEL,1963,9289770,70.0514634146342,2.14800341332196,1555.02293182578
Belgium,BEL,1964,9378113,70.7551219512195,4.16876058564364,1724.01894179056
Belgium,BEL,1965,9463667,70.6253658536586,4.06520137474655,1859.50998671639
Belgium,BEL,1966,9527807,70.7063414634146,4.17434761853,1983.13119821777
Belgium,BEL,1967,9580991,71.0129268292683,2.73030268590901,2113.82194132888
Belgium,BEL,1968,9618756,70.6931707317073,2.70144982931354,2251.31575906782
Belgium,BEL,1969,9646032,70.7648780487805,3.75399229053284,2490.1071730838
Belgium,BEL,1970,9655549,70.9719512195122,3.90847238471904,2765.89099664794
Belgium,BEL,1971,9673162,71.0604878048781,4.34362854612101,3082.92798879126
Belgium,BEL,1972,9711115,71.4051219512195,5.44843128438075,3831.63189999433
Belgium,BEL,1973,9741720,71.6353658536586,6.95528008719914,4900.96220075866
Belgium,BEL,1974,9772419,71.9858536585366,12.6778877513451,5733.79813933878
Belgium,BEL,1975,9800700,71.9712195121951,12.7681985920515,6701.37736052433
Belgium,BEL,1976,9818227,72.119756097561,9.06860981054961,7243.04734119583
Belgium,BEL,1977,9830358,72.7739024390244,7.09600059132598,8426.94695947372
Belgium,BEL,1978,9839534,72.6980487804878,4.47059331592944,10289.7684173296
Belgium,BEL,1979,9848382,73.1936585365854,4.46908394900486,11810.6158754725
Belgium,BEL,1980,9859242,73.2070731707317,6.64868829655352,12864.0025661396
Belgium,BEL,1981,9858982,73.6217073170732,7.62748656814271,10622.8024830789
Belgium,BEL,1982,9856303,73.8880487804878,8.72654906555471,9343.86109959618
Belgium,BEL,1983,9855520,73.8690243902439,7.66160983743882,8846.23429846974
Belgium,BEL,1984,9855372,74.4048780487805,6.34177491009127,8457.26880316374
Belgium,BEL,1985,9858308,74.520243902439,4.8687339949694,8750.81851250536
Belgium,BEL,1986,9861823,74.7317073170732,1.2943681910248,12170.0406962702
Belgium,BEL,1987,9870234,75.3658536585366,1.55338261314945,15135.8523116968
Belgium,BEL,1988,9901664,75.5658536585366,1.16093493415331,16391.093827791
Belgium,BEL,1989,9937697,75.6326829268293,3.10705065111093,16525.0617432848
Belgium,BEL,1990,9967379,76.0519512195122,3.44831217961807,20600.3752789827
Belgium,BEL,1991,10004486,76.1921951219512,3.21531069260809,21041.6606519648
Belgium,BEL,1992,10045158,76.3512195121951,2.42795567164615,23372.619171015
Belgium,BEL,1993,10084475,76.3453658536585,2.75442643473462,22283.9360213551
Belgium,BEL,1994,10115603,76.6917073170732,2.377540844764,24208.5547931447
Belgium,BEL,1995,10136811,76.8407317073171,1.46796699090271,28413.8264387368
Belgium,BEL,1996,10156637,77.1873170731707,2.07702107350675,27489.5551770488
Belgium,BEL,1997,10181245,77.3707317073171,1.62816049512954,24820.9380503896
Belgium,BEL,1998,10203008,77.4731707317073,0.94925028835061,25338.4432934904
Belgium,BEL,1999,10226419,77.619512195122,1.12084823417847,25252.8019066564
Belgium,BEL,2000,10251250,77.7219512195122,2.544517761909,23098.8865077401
Belgium,BEL,2001,10286570,77.9731707317073,2.46925823086082,23015.0712632462
Belgium,BEL,2002,10332785,78.0756097560976,1.6452143617536,25006.191397109
Belgium,BEL,2003,10376133,78.1292682926829,1.58896399970371,30655.2092679024
Belgium,BEL,2004,10421137,78.8780487804878,2.09728311239315,35429.4077933344
Belgium,BEL,2005,10478617,78.9804878048781,2.78143263670029,36809.7013403619
Belgium,BEL,2006,10547958,79.380487804878,1.79120770070453,38705.1067959147
Belgium,BEL,2007,10625700,79.7829268292683,1.82305630026809,44319.165448813
Belgium,BEL,2008,10709973,79.6804878048781,4.48944420508404,48303.397956286
Belgium,BEL,2009,10796493,80.0341463414634,-0.0531456741254176,44923.3400135081
Belgium,BEL,2010,10895586,80.1829268292683,2.18929920422458,44197.393671162
Belgium,BEL,2011,11038264,80.5853658536585,3.5320821072274,47760.8298776546
Belgium,BEL,2012,11106932,80.3853658536585,2.83966343445899,44874.1709182123
Belgium,BEL,2013,11159407,80.5878048780488,1.11309594027539,46964.5946777056
Belgium,BEL,2014,11209057,81.2878048780488,0.340002833356921,47995.7786961339
Belgium,BEL,2015,11274196,80.9926829268293,0.561429152790157,40893.804537772
Belgium,BEL,2016,11331422,81.4390243902439,1.97385264653162,41854.5498296444
Belgium,BEL,2017,11375158,81.4926829268293,2.12597086002616,44035.3239358548
Belgium,BEL,2018,11427054,81.5951219512195,2.05316499865177,47487.2100392561
Belgium,BEL,2019,11488980,81.9951219512195,1.43681956996438,46716.6227467964
Belgium,BEL,2020,11538604,80.6951219512195,0.740791812220343,45906.2875805246
Belgium,BEL,2021,11586195,81.790243902439,2.44024851144084,51658.238294958
Belgium,BEL,2022,11680210,81.7487804878049,9.597511728725,50605.7496677086
Belgium,BEL,2023,11779946,82.4,4.04901077613941,55291.4754541329
Belgium,BEL,2024,11858610,82.3,3.14349136500041,56614.5679499036
Switzerland,CHE,1960,5327827,71.3134146341463,1.43879470321087,1954.3113206427
Switzerland,CHE,1961,5434294,71.6448780487805,1.84539787448657,2155.44996908648
Switzerland,CHE,1962,5573815,71.1960975609756,4.3159928775438,2330.47736501501
Switzerland,CHE,1963,5694247,71.1875609756098,3.44021288042959,2508.47430732203
Switzerland,CHE,1964,5789228,72.0778048780488,3.08055687101809,2734.93009044177
Switzerland,CHE,1965,5856472,72.2017073170732,3.41447860846187,2865.2448479366
Switzerland,CHE,1966,5918002,72.3356097560976,4.77597959563684,3044.84560389449
Switzerland,CHE,1967,5991785,72.6365853658537,4.00519621563881,3237.27315217356
Switzerland,CHE,1968,6067714,72.590243902439,2.39582226957009,3413.49358157003
Switzerland,CHE,1969,6136387,72.6126829268293,2.48903598959373,3657.20794240553
Switzerland,CHE,1970,6180877,73.020243902439,3.61598678629523,4044.42068227245
Switzerland,CHE,1971,6213399,73.1307317073171,6.57322111925784,4834.74049399485
Switzerland,CHE,1972,6260956,73.6443902439024,6.66000704160245,5884.77524107186
Switzerland,CHE,1973,6307347,73.9409756097561,8.75467033024632,7855.91887040854
Switzerland,CHE,1974,6341405,74.2870731707317,9.76741431913026,9004.788599
Switzerland,CHE,1975,6338632,74.6656097560976,6.69659522507838,10328.1089388433
Switzerland,CHE,1976,6302504,74.7853658536585,1.71547632285652,10864.971231108
Switzerland,CHE,1977,6281174,75.2380487804878,1.29599916278313,11643.6467397732
Switzerland,CHE,1978,6281738,75.1873170731707,1.02879289487429,16282.1932458492
Switzerland,CHE,1979,6294365,75.4660975609756,3.64764010558783,18265.5588649103
Switzerland,CHE,1980,6319408,75.4592682926829,4.0225008483901,19393.8805480097
Switzerland,CHE,1981,6354074,75.6931707317073,6.49030964005718,17665.0138979789
Switzerland,CHE,1982,6391309,76.0339024390244,5.65510182392342,17999.969257078
Switzerland,CHE,1983,6418773,76.0312195121951,2.94979443545724,17859.2323695837
Switzerland,CHE,1984,6441865,76.6085365853659,2.93145669136624,16991.2458841517
Switzerland,CHE,1985,6470365,76.7336585365854,3.43539935298265,17152.0948495991
Switzerland,CHE,1986,6504124,76.8990243902439,0.750309839410827,24459.8536348433
Switzerland,CHE,1987,6545106,77.1975609756098,1.44032188041723,30440.5108240499
Switzerland,CHE,1988,6593386,77.2265853658537,1.87246859731866,32690.4302734561
Switzerland,CHE,1989,6646912,77.4212195121951,3.15526979710909,31308.6508343136
Switzerland,CHE,1990,6715519,77.2424390243902,5.40395909218937,39574.5398083788
Switzerland,CHE,1991,6799978,77.5146341463415,5.85959663468677,39544.4946826768
Switzerland,CHE,1992,6875364,77.8060975609756,4.03703020778739,40713.6881521435
Switzerland,CHE,1993,6938265,78.0853658536586,3.29262180313606,39237.1186558781
Switzerland,CHE,1994,6993795,78.35,0.852116995120664,43091.7770970073
Switzerland,CHE,1995,7040687,78.4170731707317,1.79982776867149,50113.8321221345
Switzerland,CHE,1996,7071850,78.8960975609756,0.811634064628187,48092.6433036512
Switzerland,CHE,1997,7088906,79.079512195122,0.52022542273664,41584.441782159
Switzerland,CHE,1998,7110001,79.3243902439025,0.0179384378439321,42680.5867322391
Switzerland,CHE,1999,7143991,79.580487804878,0.806444380959459,41695.6912912021
Switzerland,CHE,2000,7184250,79.6804878048781,1.55852919679008,38865.021939688
Switzerland,CHE,2001,7229854,80.1804878048781,0.989020329832545,39638.7911061864
Switzerland,CHE,2002,7284753,80.3853658536585,0.642711506543277,42458.7384679187
Switzerland,CHE,2003,7339001,80.5365853658537,0.638272930887189,49335.7456291067
Switzerland,CHE,2004,7389625,81.0878048780488,0.802908730955226,54659.4571488233
Switzerland,CHE,2005,7437115,81.2365853658537,1.17195420333702,56242.8933645639
Switzerland,CHE,2006,7483934,81.490243902439,1.05950928324804,59011.0324592016
Switzerland,CHE,2007,7551117,81.7414634146342,0.732350603122236,64989.1553256031
Switzerland,CHE,2008,7647675,81.9926829268293,2.42604117060157,74175.1927898555
Switzerland,CHE,2009,7743831,82.0439024390244,-0.480481936423304,71568.3123885672
Switzerland,CHE,2010,7824909,82.2463414634147,0.688238707219974,76531.3729407691
Switzerland,CHE,2011,7912398,82.6951219512195,0.2313492076509,90476.7589651577
Switzerland,CHE,2012,7996861,82.6975609756098,-0.692552018105163,85836.2076767359
Switzerland,CHE,2013,8089346,82.7975609756098,-0.217323155115672,87304.3305813557
Switzerland,CHE,2014,8188649,83.1975609756098,-0.0132025387515945,88724.9909402638
Switzerland,CHE,2015,8282396,82.8975609756098,-1.14390867228178,83806.4476003837
Switzerland,CHE,2016,8373338,83.6024390243903,-0.434618664285814,82153.0745447889
Switzerland,CHE,2017,8451840,83.5512195121951,0.533787839825876,82254.3769269767
Switzerland,CHE,2018,8514329,83.7536585365854,0.936335464113572,85217.3691512274
Switzerland,CHE,2019,8575280,83.9048780487805,0.362886179940674,84121.9310304414
Switzerland,CHE,2020,8638167,83.0,-0.725874933313402,85897.7843338323
Switzerland,CHE,2021,8704546,83.7512195121951,0.581814168489855,93664.7736696111
Switzerland,CHE,2022,8777088,83.6048780487805,2.83502798644451,94394.5106803525
Switzerland,CHE,2023,8888822,84.1560975609756,2.13540088016386,100623.549627296
Switzerland,CHE,2024,9005582,84.4073170731707,1.06234041976594,103998.186685604
Czechia,CZE,1960,9602006,70.3487804878049,,
Czechia,CZE,1961,9586651,70.5126829268293,,
Czechia,CZE,1962,9624660,69.7868292682927,,
Czechia,CZE,1963,9670685,70.3043902439025,,
Czechia,CZE,1964,9727804,70.459512195122,,
Czechia,CZE,1965,9779358,70.1631707317073,,
Czechia,CZE,1966,9821040,70.3848780487805,,
Czechia,CZE,1967,9852899,70.2641463414634,,
Czechia,CZE,1968,9876346,69.8407317073171,,
Czechia,CZE,1969,9896580,69.3670731707317,,
Czechia,CZE,1970,9858071,69.440243902439,,
Czechia,CZE,1971,9826815,69.6770731707317,,
Czechia,CZE,1972,9867632,70.1765853658537,,
Czechia,CZE,1973,9922266,70.0226829268293,,
Czechia,CZE,1974,9988459,70.0865853658537,,
Czechia,CZE,1975,10058620,70.4146341463415,,
Czechia,CZE,1976,10125939,70.5326829268293,,
Czechia,CZE,1977,10186755,70.5734146341463,,
Czechia,CZE,1978,10242098,70.6439024390244,,
Czechia,CZE,1979,10292341,70.749512195122,,
Czechia,CZE,1980,10304193,70.2780487804878,,
Czechia,CZE,1981,10300591,70.7221951219512,,
Czechia,CZE,1982,10314826,70.8078048780488,,
Czechia,CZE,1983,10323856,70.5914634146341,,
Czechia,CZE,1984,10330213,70.8375609756098,,
Czechia,CZE,1985,10337118,71.0463414634146,,
Czechia,CZE,1986,10342227,70.9973170731707,,
Czechia,CZE,1987,10347318,71.4456097560976,,
Czechia,CZE,1988,10355276,71.6414634146342,,
Czechia,CZE,1989,10361068,71.6756097560976,,
Czechia,CZE,1990,10333355,71.3839024390244,,3969.36733543794
Czechia,CZE,1991,10308578,71.8982926829268,,2917.08655474323
Czechia,CZE,1992,10319123,72.2717073170732,11.086500072223,3396.70972430469
Czechia,CZE,1993,10329855,72.7678048780488,20.8130295438428,3984.1463439879
Czechia,CZE,1994,10333587,72.9726829268293,10.039429835143,4663.28665345469
Czechia,CZE,1995,10327253,73.0748780487805,8.99052361478448,5865.29460556726
Czechia,CZE,1996,10315241,73.7146341463415,8.75877472878111,6573.19643136362
Czechia,CZE,1997,10304131,73.8248780487805,8.59615666715564,6069.38762357837
Czechia,CZE,1998,10294373,74.5146341463415,10.6983655274888,6526.59635780951
Czechia,CZE,1999,10283860,74.6682926829268,2.13544844417329,6377.6211077224
Czechia,CZE,2000,10255063,74.9682926829268,3.77538829151729,6062.92152842793
Czechia,CZE,2001,10216605,75.1731707317073,4.66267556988257,6669.07494847497
Czechia,CZE,2002,10196916,75.2219512195122,1.90298097019026,8101.26018588111
Czechia,CZE,2003,10193998,75.1707317073171,0.118739205526814,9852.45677945801
Czechia,CZE,2004,10197101,75.7219512195122,2.76010781671153,11782.5546676117
Czechia,CZE,2005,10211216,75.9243902439025,1.85709789109228,13442.4916284309
Czechia,CZE,2006,10238905,76.5243902439024,2.53399258343633,15259.0788162004
Czechia,CZE,2007,10298828,76.7243902439025,2.8531243721117,18452.6532812196
Czechia,CZE,2008,10384603,76.9756097560976,6.3586638015237,22774.7045076205
Czechia,CZE,2009,10443936,77.0780487804878,1.01937735329229,19817.4215836554
Czechia,CZE,2010,10474410,77.4243902439025,1.47272727272728,20160.4355077059
Czechia,CZE,2011,10496088,77.8731707317073,1.9172191363555,22049.1080788682
Czechia,CZE,2012,10510785,78.0756097560976,3.28762306610411,20014.0354015165
Czechia,CZE,2013,10514272,78.1756097560976,1.4382978723404,20260.4954999375
Czechia,CZE,2014,10525347,78.8243902439024,0.343988589646793,20038.4163180257
Czechia,CZE,2015,10546059,78.5780487804878,0.309364548494975,17931.5987670768
Czechia,CZE,2016,10566332,79.0268292682927,0.683504209385702,18753.9686718096
Czechia,CZE,2017,10594438,78.9780487804878,2.4505339846014,20913.197632212
Czechia,CZE,2018,10629928,79.0292682926829,2.14949494949492,23705.9329811299
Czechia,CZE,2019,10671870,79.2292682926829,2.84787595918041,24062.7190013343
Czechia,CZE,2020,10697858,78.2268292682927,3.1612952849781,23472.8915454417
Czechia,CZE,2021,10505772,77.2219512195122,3.83984491500146,27696.4619527544
Czechia,CZE,2022,10672118,78.9292682926829,15.100165146837,28282.2236715857
Czechia,CZE,2023,10864042,79.8268292682927,10.6612601372427,31761.5944102491
Czechia,CZE,2024,10905028,79.9780487804878,2.43531202435314,31823.3078290564
Germany,DEU,1960,72814900,69.0640731707317,1.53661234295201,1162.12266831735
Germany,DEU,1961,73377632,69.6448780487805,2.29369500700884,1315.90787834504
Germany,DEU,1962,74025784,69.7992195121951,2.84327019799061,1430.52095516263
Germany,DEU,1963,74714353,69.9140731707317,2.9669597758771,1502.15452905146
Germany,DEU,1964,75318337,70.4355609756098,2.33573581177832,1637.45522773672
Germany,DEU,1965,75963695,70.4103658536585,3.24231923668133,1774.1986904555
Germany,DEU,1966,76600311,70.5215853658537,3.53306035477689,1870.80540291774
Germany,DEU,1967,76951336,70.7317317073171,1.79604992213174,1885.61596607874
Germany,DEU,1968,77294314,70.3784634146342,1.470289313277,2025.08159465853
Germany,DEU,1969,77909682,70.2288048780488,1.91267848797595,2281.27598218229
Germany,DEU,1970,78169289,70.4471951219512,3.45024936360894,2771.28310514754
Germany,DEU,1971,78312842,70.676756097561,5.24097448273094,3203.82884836051
Germany,DEU,1972,78688452,70.9067073170732,5.4849331221432,3823.94032602696
Germany,DEU,1973,78936666,71.1128048780488,7.03202399303898,5065.24523302283
Germany,DEU,1974,78967433,71.4189268292683,6.98643109327497,5659.73787773336
Germany,DEU,1975,78673554,71.259243902439,5.91033626324104,6259.20744498342
Germany,DEU,1976,78336950,71.7122195121951,4.24663102299209,6659.16546576017
Germany,DEU,1977,78159814,72.3073170731707,3.73416240635147,7711.10232025365
Germany,DEU,1978,78091820,72.2904146341464,2.71869696123338,9516.78283228907
Germany,DEU,1979,78126350,72.6301707317073,4.04362006473399,11322.3543443813
Germany,DEU,1980,78288576,72.8003170731707,5.44105754460346,12182.7800196802
Germany,DEU,1981,78407907,73.0402195121951,6.34424277746325,10246.4767623188
Germany,DEU,1982,78333366,73.3331463414634,5.24104507228422,9950.05926025365
Germany,DEU,1983,78128282,73.6221463414634,3.29341474302853,9900.48559233526
Germany,DEU,1984,77858685,74.0722926829268,2.40579339931959,9347.29068412377
Germany,DEU,1985,77684873,74.1890975609756,2.0662330121658,9464.11694710857
Germany,DEU,1986,77720436,74.3968292682927,-0.129413360854742,13511.1520027486
Germany,DEU,1987,77839920,74.8070243902439,0.249906108705029,16738.6132825523
Germany,DEU,1988,78144619,74.9987317073171,1.27411894006923,17996.9783507619
Germany,DEU,1989,78751283,75.1915365853659,2.78056955569751,17829.4609524705
Germany,DEU,1990,79433029,75.0856341463415,2.69646824292392,22385.6778250275
Germany,DEU,1991,80013896,75.319512195122,4.04703259753466,23443.3350818536
Germany,DEU,1992,80624598,75.819512195122,5.0569779673173,26559.8543879632
Germany,DEU,1993,81156363,75.8707317073171,4.47457650752808,25616.6508772405
Germany,DEU,1994,81438348,76.2707317073171,2.69305639854954,27201.9593555204
Germany,DEU,1995,81678051,76.4219512195122,1.70616041317076,31747.2449398447
Germany,DEU,1996,81914831,76.6731707317073,1.44972701963238,30599.7891048363
Germany,DEU,1997,82034771,77.0731707317073,1.93937198922729,27046.9565464237
Germany,DEU,1998,82047195,77.4756097560976,0.911183535014403,27395.9440608051
Germany,DEU,1999,82100243,77.7268292682927,0.585433064230783,26965.4922773722
Germany,DEU,2000,82211508,77.9268292682927,1.44026838719741,23925.8559901991
Germany,DEU,2001,82349925,78.3292682926829,1.98385731334471,23878.3641471651
Germany,DEU,2002,82488495,78.2292682926829,1.42080615551526,25486.5942008748
Germany,DEU,2003,82534176,78.3804878048781,1.03422218628562,30711.1022511331
Germany,DEU,2004,82516260,78.6804878048781,1.66573696655991,34566.7359143735
Germany,DEU,2005,82469422,78.9317073170732,1.54691114751328,35084.4363546269
Germany,DEU,2006,82376451,79.1317073170732,1.57742642840563,36980.3349948954
Germany,DEU,2007,82266372,79.5341463414634,2.2983440070095,42350.9217211489
Germany,DEU,2008,82110097,79.7365853658537,2.62837981637219,46379.1647953479
Germany,DEU,2009,81902307,79.8365853658537,0.312739007368446,42471.8868625226
Germany,DEU,2010,81776930,79.9878048780488,1.1038103778926,42396.9665976293
Germany,DEU,2011,80274983,80.4365853658537,2.07517283735874,47630.9761883572
Germany,DEU,2012,80425823,80.5390243902439,2.00848884782956,44718.0159214069
Germany,DEU,2013,80645605,80.490243902439,1.50472330251876,47206.8353514242
Germany,DEU,2014,80982500,81.090243902439,0.906794000434245,48959.5991203133
Germany,DEU,2015,81686611,80.6414634146341,0.514426137125456,41929.7549110722
Germany,DEU,2016,82348669,80.990243902439,0.491747008445174,42948.9381932694
Germany,DEU,2017,82657002,80.9926829268293,1.50949485109628,45553.9341495339
Germany,DEU,2018,82905782,80.8926829268293,1.73216879766941,48916.1686612154
Germany,DEU,2019,83092962,81.2926829268293,1.44565976888253,47656.199739747
Germany,DEU,2020,83160871,81.0414634146342,0.144877925813981,47394.8734504469
Germany,DEU,2021,83196078,80.790243902439,3.06666666666673,52349.2459994422
Germany,DEU,2022,83177813,80.6080487804878,6.87257438551096,50506.5179638543
Germany,DEU,2023,83287273,81.0414634146342,5.94643667725823,54776.7668235491
Germany,DEU,2024,83516593,80.7926829268293,2.2564981433876,56103.7323182554
Denmark,DNK,1960,4579603,72.1765853658537,1.25523012552924,1389.0213943225
Denmark,DNK,1961,4611687,72.4382926829268,3.45162858557825,1530.53779004389
Denmark,DNK,1962,4647727,72.319756097561,7.3778195481846,1711.2181376602
Denmark,DNK,1963,4684483,72.4004878048781,6.10503282302932,1807.25279179793
Denmark,DNK,1964,4722072,72.4851219512195,3.09278350515448,2049.39724281483
Denmark,DNK,1965,4759012,72.3707317073171,5.4499999992505,2284.22850484956
Denmark,DNK,1966,4797381,72.4441463414634,7.06495969658814,2487.13627144432
Denmark,DNK,1967,4835354,72.9221951219512,8.20785355844022,2700.74637883336
Denmark,DNK,1968,4864883,73.1214634146341,8.00520710366458,2776.13544525805
Denmark,DNK,1969,4891860,73.2209756097561,3.48791924395193,3151.13324311543
Denmark,DNK,1970,4928757,73.3434146341463,6.51484141652987,3464.45518278408
Denmark,DNK,1971,4963126,73.4146341463415,5.86986959071895,3845.59906810072
Denmark,DNK,1972,4991596,73.4390243902439,6.56236090256542,4653.95587889115
Denmark,DNK,1973,5021861,73.6821951219512,9.30338297973667,6116.89199229142
Denmark,DNK,1974,5045297,73.8082926829268,15.2752062218395,6763.86592918646
Denmark,DNK,1975,5059862,74.0751219512195,9.6056120753867,7988.15613263518
Denmark,DNK,1976,5072596,73.739756097561,9.01029083562224,8773.3396162771
Denmark,DNK,1977,5088419,74.6324390243903,10.9222378100329,9769.57864283968
Denmark,DNK,1978,5104248,74.3929268292683,10.2136545710404,11817.6250875179
Denmark,DNK,1979,5116801,74.2192682926829,9.61105037907118,13757.2343740839
Denmark,DNK,1980,5123027,74.1017073170732,12.3053240760182,13822.1578405912
Denmark,DNK,1981,5121572,74.2304878048781,11.7673874344181,12000.2103769191
Denmark,DNK,1982,5117810,74.5512195121951,10.1208256779822,11740.2199128271
Denmark,DNK,1983,5114297,74.4204878048781,6.90822881158844,11796.5691955784
Denmark,DNK,1984,5111619,74.5621951219512,6.29077936023769,11516.6821578436
Denmark,DNK,1985,5113691,74.4275609756098,4.67875145183254,12212.7873997293
Denmark,DNK,1986,5120534,74.579756097561,3.67818411863452,17136.6297376226
Denmark,DNK,1987,5127024,74.6912195121951,4.01999345683161,21295.6768566078
Denmark,DNK,1988,5129516,74.7717073170732,4.53513301015726,22524.5792595476
Denmark,DNK,1989,5132594,74.799756097561,4.77272342435518,21882.1517463842
Denmark,DNK,1990,5140939,74.8053658536585,2.64160306382001,26885.6994188191
Denmark,DNK,1991,5154298,75.1578048780488,2.39515331724416,27002.8057705804
Denmark,DNK,1992,5171370,75.1941463414634,2.09604442933213,29579.4913648682
Denmark,DNK,1993,5188628,75.1168292682927,1.2578566795326,27581.7241097459
Denmark,DNK,1994,5206180,75.3751219512195,1.99201463809517,29967.8303903163
Denmark,DNK,1995,5233373,75.2126829268293,2.08360842382854,35321.0980773087
Denmark,DNK,1996,5263074,75.5914634146342,2.12629802275577,35621.9878051732
Denmark,DNK,1997,5284991,75.9451219512195,2.1821667790712,32779.879045297
Denmark,DNK,1998,5304219,76.1390243902439,1.84565122007883,33346.4884298957
Denmark,DNK,1999,5321799,76.3414634146341,2.49779544404529,33426.2381077405
Denmark,DNK,2000,5339616,76.5926829268293,2.90328203236461,30722.0251837567
Denmark,DNK,2001,5358783,76.7926829268293,2.33787000255262,30768.4775471112
Denmark,DNK,2002,5375931,76.8951219512195,2.42443661219694,33257.1622586509
Denmark,DNK,2003,5390574,77.1439024390244,2.07507820646506,40519.0974905924
Denmark,DNK,2004,5404523,77.4926829268293,1.15435693124934,46625.050098011
Denmark,DNK,2005,5419432,77.8439024390244,1.81781458291254,48925.8076698784
Denmark,DNK,2006,5437272,78.0951219512195,1.92422138464584,52119.1787984282
Denmark,DNK,2007,5461438,78.1951219512195,1.69326586220324,58631.6566433635
Denmark,DNK,2008,5493621,78.4463414634146,3.41626794258374,64616.6657583663
Denmark,DNK,2009,5523095,78.5975609756098,1.30470991024335,58412.7472358513
Denmark,DNK,2010,5547683,79.1,2.31092436974786,58104.5445594981
Denmark,DNK,2011,5570572,79.8,2.7586822605125,61809.737898222
Denmark,DNK,2012,5591572,80.0512195121951,2.3979148566464,58443.7747103968
Denmark,DNK,2013,5614932,80.3,0.789071780078062,61377.5940590412
Denmark,DNK,2014,5643475,80.7,0.56402054044954,62520.4509747011
Denmark,DNK,2015,5683483,80.7024390243902,0.452034153691574,53094.0133607574
Denmark,DNK,2016,5728010,80.8536585365854,0.250000000000031,54500.9260410217
Denmark,DNK,2017,5764980,81.1024390243903,1.14713216957601,57521.5514992225
Denmark,DNK,2018,5793636,80.9536585365854,0.813609467455631,61324.7665045565
Denmark,DNK,2019,5814422,81.4512195121951,0.75813157251162,59404.2663247723
Denmark,DNK,2020,5831404,81.6024390243903,0.420711974110024,60985.4885601514
Denmark,DNK,2021,5856733,81.4048780487805,1.85304543989689,69340.7334922138
Denmark,DNK,2022,5903037,81.3048780487805,7.69656699889259,67781.0940939514
Denmark,DNK,2023,5946952,81.7536585365854,3.30517811237605,68043.5466971243
Denmark,DNK,2024,5976992,82.2536585365854,1.37220049768925,71026.4832271897
Spain,ESP,1960,30455000,69.1092682926829,1.17777108409631,407.96302786933
Spain,ESP,1961,30739250,69.4804878048781,0.809252873882166,463.19044087717
Spain,ESP,1962,31023366,69.5190243902439,5.70647719271308,535.391059454488
Spain,ESP,1963,31296651,69.6812195121951,8.74369768409153,627.278450964262
Spain,ESP,1964,31609195,70.399756097561,6.97924673989605,694.952086797899
Spain,ESP,1965,31954292,70.8092682926829,13.2141378382198,797.377066170904
Spain,ESP,1966,32283194,71.0551219512195,6.24036708297987,915.62923367863
Spain,ESP,1967,32682947,71.2529268292683,6.39163108782115,996.571863525297
Spain,ESP,1968,33113134,71.5378048780488,4.95436611736463,978.292373768035
Spain,ESP,1969,33441054,71.0575609756098,2.16034713599866,1109.13637135526
Spain,ESP,1970,33814531,72.0273170731707,5.73114484293531,1211.42343321309
Spain,ESP,1971,34224490,71.630243902439,8.23688714893602,1361.19251917206
Spain,ESP,1972,34604469,72.8180487804878,8.27228754941942,1707.58800052655
Spain,ESP,1973,34988947,72.6107317073171,11.4167076137084,2245.9479911066
Spain,ESP,1974,35373335,72.969756097561,15.6803733985389,2747.96036737994
Spain,ESP,1975,35757900,73.3187804878049,16.9532859334982,3207.54465082024
Spain,ESP,1976,36137812,73.6426829268293,17.6248800527481,3276.97023260494
Spain,ESP,1977,36511638,74.1319512195122,24.5380632929205,3624.99940255962
Spain,ESP,1978,36864898,74.2956097560976,19.7736704973661,4353.3273744052
Spain,ESP,1979,37191330,74.8187804878049,15.6602355971771,5766.09296672485
Spain,ESP,1980,37491165,75.3492682926829,15.5619020957245,6204.14321544225
Spain,ESP,1981,37758631,75.5285365853659,14.5493457170321,5367.32976278411
Spain,ESP,1982,37986012,76.1341463414634,14.4150020548327,5156.02303792945
Spain,ESP,1983,38171525,75.9090243902439,12.1740727351699,4475.30126831295
Spain,ESP,1984,38330364,76.2953658536586,11.2802765604037,4486.78173863382
Spain,ESP,1985,38469512,76.259512195122,8.81445506678387,4696.29879620729
Spain,ESP,1986,38584624,76.5104878048781,8.7949393229032,6508.8506547565
Spain,ESP,1987,38684815,76.7280487804878,5.24801863489593,8233.72822993027
Spain,ESP,1988,38766939,76.7470731707317,4.83727066490361,9696.1928538538
Spain,ESP,1989,38827764,76.8136585365854,6.79143584025099,10674.3410230107
Spain,ESP,1990,38867322,76.8375609756098,6.72181952228656,13795.0159385128
Spain,ESP,1991,38966376,76.9712195121951,5.93421344335924,14801.3226152172
Spain,ESP,1992,39157685,77.41,5.92453126228489,16100.6799428032
Spain,ESP,1993,39361262,77.5465853658537,4.56907173681813,13330.3798192211
Spain,ESP,1994,39549108,77.9014634146342,4.71841373967329,13405.704414883
Spain,ESP,1995,39724050,77.9807317073171,4.67380337624704,15460.9110266653
Spain,ESP,1996,39889852,78.1204878048781,3.55884559338557,16100.6215831114
Spain,ESP,1997,40057389,78.6041463414634,1.97107395582926,14722.3717633536
Spain,ESP,1998,40223509,78.6658536585366,1.83432999908409,15382.3348573373
Spain,ESP,1999,40386875,78.7170731707317,2.31034813987067,15707.9473068138
Spain,ESP,2000,40567864,78.9658536585366,3.43351563418766,14743.2671031455
Spain,ESP,2001,40850412,79.3682926829268,3.58983413338112,15368.2337984435
Spain,ESP,2002,41431558,79.5682926829268,3.06565685902219,17111.0685058941
Spain,ESP,2003,42187645,79.619512195122,3.03888839396655,21522.0170990262
Spain,ESP,2004,42921895,79.8707317073171,3.03924881090924,24925.0267844576
Spain,ESP,2005,43653155,80.1707317073171,3.36881409750383,26450.9530130382
Spain,ESP,2006,44397319,80.8219512195122,3.51557576832128,28421.686527407
Spain,ESP,2007,45226803,80.8731707317073,2.78679745804945,32652.015594702
Spain,ESP,2008,45954106,81.1756097560976,4.07534335957339,35603.248328071
Spain,ESP,2009,46362946,81.4756097560976,-0.28781308353524,32279.8208476151
Spain,ESP,2010,46576897,81.6268292682927,1.79986457728768,30658.7422282912
Spain,ESP,2011,46742697,82.4756097560976,3.1961018883379,31824.6219134777
Spain,ESP,2012,46773055,82.4268292682927,2.44612782366808,28456.4438151477
Spain,ESP,2013,46604197,83.0780487804878,1.40858109183018,29228.846559842
Spain,ESP,2014,46460733,83.2292682926829,-0.151114837527234,29707.765509467
Spain,ESP,2015,46422303,82.8317073170732,-0.500365709903242,25982.4416197775
Spain,ESP,2016,46458139,83.3292682926829,-0.202598000426452,26755.6061149398
Spain,ESP,2017,46571232,83.2829268292683,1.95607633363963,28381.3425596906
Spain,ESP,2018,46782011,83.4317073170732,1.6749813686379,30602.4212881113
Spain,ESP,2019,47118501,83.8317073170732,0.699518994458738,29786.5245689007
Spain,ESP,2020,47359424,82.2317073170732,-0.322753017299739,27233.9426461608
Spain,ESP,2021,47443821,83.1780487804878,3.09313511976419,30799.4775937775
Spain,ESP,2022,47786102,83.1341463414634,8.39057634118626,30319.4987196616
Spain,ESP,2023,48352528,83.9341463414634,3.53236133492432,33493.2225409111
Spain,ESP,2024,48848840,83.8878048780488,2.77417826534772,35326.7683069278
Finland,FIN,1960,4429634,68.819756097561,3.41812725350792,1191.85508873415
Finland,FIN,1961,4461005,68.8441463414634,1.69100191533953,1341.49900625891
Finland,FIN,1962,4491443,68.5778048780488,4.38398278172668,1426.6675637882
Finland,FIN,1963,4523309,69.0126829268293,4.99638188645285,1538.45703402737
Finland,FIN,1964,4548543,69.2209756097561,10.2758607417486,1725.60483489826
Finland,FIN,1965,4563732,68.9778048780488,4.94058806755308,1902.03847177709
Finland,FIN,1966,4580869,69.4770731707317,3.87365401861324,2031.52331393903
Finland,FIN,1967,4605744,69.6665853658537,5.37778183372857,2055.75306771186
Finland,FIN,1968,4626469,69.6163414634146,9.19166799519512,1927.29380452918
Finland,FIN,1969,4623785,69.5034146341464,2.20561093521245,2201.12415237742
Finland,FIN,1970,4606307,70.179512195122,2.7404204305122,2465.86455526041
Finland,FIN,1971,4612124,70.0175609756098,6.47576543061856,2716.43223544591
Finland,FIN,1972,4639657,70.7073170731707,6.66249783515327,3177.9287929756
Finland,FIN,1973,4666081,71.2236585365854,10.7544718831368,4173.54485169644
Finland,FIN,1974,4690574,71.1348780487805,16.9363999989274,5298.08008790754
Finland,FIN,1975,4711440,71.6736585365854,17.8113972340212,6256.10245136117
Finland,FIN,1976,4725664,71.8129268292683,14.3426930852257,6740.29145314637
Finland,FIN,1977,4738902,72.350243902439,11.7933469184053,7069.73565139858
Finland,FIN,1978,4752528,72.8970731707317,7.79935074552145,7629.49572475149
Finland,FIN,1979,4764690,73.1553658536586,7.46696151310738,9333.07695567452
Finland,FIN,1980,4779535,73.44,11.5946192492107,11224.9380036353
Finland,FIN,1981,4799964,73.7465853658537,11.3057566509548,10925.0957161181
Finland,FIN,1982,4826933,74.2980487804878,9.58492764677445,10935.3110588486
Finland,FIN,1983,4855787,74.2009756097561,8.3662926064564,10493.9626636806
Finland,FIN,1984,4881803,74.5190243902439,7.06765638328172,10830.2185222663
Finland,FIN,1985,4902206,74.2229268292683,5.19562195429435,11394.1921044246
Finland,FIN,1986,4918154,74.56,2.93357920442326,14946.9926198261
Finland,FIN,1987,4932123,74.5919512195122,4.11302886205057,18565.0264426011
Finland,FIN,1988,4946481,74.5770731707317,5.0859286139488,22043.7701596288
Finland,FIN,1989,4964371,74.7921951219512,6.5929098018913,23969.052798644
Finland,FIN,1990,4986431,74.8131707317073,6.14956531179849,28366.204276071
Finland,FIN,1991,5013740,75.2275609756098,4.31021289843465,25488.8450525604
Finland,FIN,1992,5041992,75.4553658536585,2.91932319285011,22320.1124695857
Finland,FIN,1993,5066447,75.7051219512195,2.19065319556436,17588.6781715509
Finland,FIN,1994,5088333,76.3956097560976,1.08855677589404,20278.29109854
Finland,FIN,1995,5107790,76.409512195122,0.791239406938497,26246.2743214462
Finland,FIN,1996,5124573,76.6934146341464,0.629194238120965,25756.6777073618
Finland,FIN,1997,5139835,76.8785365853659,1.19255883425839,24682.29083271
Finland,FIN,1998,5153498,77.0907317073171,1.3994737857984,25999.9861694953
Finland,FIN,1999,5165474,77.2912195121951,1.16223155669444,26180.4128562349
Finland,FIN,2000,5176209,77.4658536585366,3.04210080667795,24335.9225082659
Finland,FIN,2001,5188008,77.9658536585366,2.57844080098895,24965.202996776
Finland,FIN,2002,5200598,78.119512195122,1.57122012789379,26989.389260959
Finland,FIN,2003,5213014,78.3682926829268,0.877440386254785,32920.0857192568
Finland,FIN,2004,5228172,78.7146341463415,0.187120559084418,37768.1334202029
Finland,FIN,2005,5246096,78.8170731707317,0.62387445002519,39049.8703780223
Finland,FIN,2006,5266268,79.2146341463415,1.56666380704386,41214.0187765069
Finland,FIN,2007,5288720,79.2634146341464,2.5106656524034,48473.0240091455
Finland,FIN,2008,5313399,79.5682926829268,4.06595355358379,53769.4726240385
Finland,FIN,2009,5338871,79.719512195122,-9.17360384430342e-07,47478.3495310999
Finland,FIN,2010,5363352,79.8707317073171,1.18413523154646,46506.2919016566
Finland,FIN,2011,5388272,80.4707317073171,3.41680754255211,51060.3242589767
Finland,FIN,2012,5413971,80.6268292682927,2.80833622561573,47551.6740841369
Finland,FIN,2013,5438972,80.9756097560976,1.47828615688809,49691.0145200739
Finland,FIN,2014,5461512,81.1804878048781,1.04119621178439,50073.7760815871
Finland,FIN,2015,5479531,81.4804878048781,-0.207928839905268,42560.3456767103
Finland,FIN,2016,5495303,81.4292682926829,0.356684500891695,43451.2562442158
Finland,FIN,2017,5508214,81.6317073170732,0.754015047084346,46085.0174739036
Finland,FIN,2018,5515525,81.7341463414634,1.08382098409305,49654.2497035329
Finland,FIN,2019,5521606,81.9829268292683,1.0240939296343,48358.1807773701
Finland,FIN,2020,5529543,81.9317073170732,0.290554555653239,48828.6846862799
Finland,FIN,2021,5541017,81.8853658536585,2.19457432340007,53099.1351400148
Finland,FIN,2022,5556106,81.1878048780488,7.12350773301402,50440.560224974
Finland,FIN,2023,5583911,81.5853658536585,6.25064322154762,52834.2916752703
Finland,FIN,2024,5619911,82.3365853658537,1.56568906231615,53149.7671934051
France,FRA,1960,47412964,69.8682926829268,4.13993575518436,1306.79629911648
France,FRA,1961,47905982,70.1170731707317,2.4004610454631,1401.87190432812
France,FRA,1962,48389516,70.3146341463415,5.33128007065639,1553.99323202639
France,FRA,1963,48877567,70.5146341463415,4.99915289796849,1723.23648290171
France,FRA,1964,49401492,70.6634146341463,3.21119170293105,1891.12061521027
France,FRA,1965,49877725,70.8121951219512,2.70310455873084,2023.50184544884
France,FRA,1966,50311637,70.9609756097561,2.60200076636451,2172.59339649824
France,FRA,1967,50722791,71.1609756097561,2.79177709435142,2328.11785496887
France,FRA,1968,51112980,71.309756097561,4.54320486402014,2518.15825593491
France,FRA,1969,51536014,71.4585365853659,6.045962841739,2729.37124785377
France,FRA,1970,52007169,71.6585365853659,5.29964124562667,2832.54913756906
France,FRA,1971,52499553,71.9073170731707,5.3975186559511,3137.05929958055
France,FRA,1972,52962356,72.1073170731707,6.06300309718186,3809.09946046394
France,FRA,1973,53392161,72.3560975609756,7.38060106398917,4906.53555379458
France,FRA,1974,53746571,72.6048780487805,13.6493174728137,5260.60025882755
France,FRA,1975,54002853,72.8536585365854,11.6859272493228,6616.76722499173
France,FRA,1976,54232383,73.1024390243903,9.62549578155532,6792.3099035538
France,FRA,1977,54486467,73.3512195121951,9.49455467190425,7458.76424117602
France,FRA,1978,54734030,73.6024390243903,9.2505584672444,9166.59011961391
France,FRA,1979,54979851,73.8512195121951,10.6467341716662,11062.5731730373
France,FRA,1980,55274184,74.0512195121951,13.5625788483016,12565.1639377144
France,FRA,1981,55603353,74.3,13.3144055680072,10955.9002996167
France,FRA,1982,55806789,74.5,11.9784719523804,10359.8920663549
France,FRA,1983,56108330,74.8,9.45954847235315,9862.28449386586
France,FRA,1984,56383085,75.0,7.67380262247318,9311.89426452129
France,FRA,1985,56665619,75.3,5.83109973854513,9657.01938533723
France,FRA,1986,56956002,75.6,2.53852591781413,13430.4824599685
France,FRA,1987,57266167,75.8,3.28889821400135,16175.7090467566
France,FRA,1988,57598186,76.1,2.70081527508114,17549.6440487161
France,FRA,1989,57943062,76.3487804878049,3.49830220700752,17547.2645422514
France,FRA,1990,58261012,76.6,3.19428338029481,21586.4674617483
France,FRA,1991,58554242,76.8487804878049,3.21340732409677,21500.7778366233
France,FRA,1992,58846584,77.1,2.36376046269355,23615.0168565483
France,FRA,1993,59103094,77.3,2.10446277124642,22238.8250618434
France,FRA,1994,59324863,77.6487804878049,1.65551532926999,23359.8985104774
France,FRA,1995,59541294,77.7512195121951,1.79648142095589,26791.8151982369
France,FRA,1996,59754504,77.9536585365854,1.98288365089738,26757.6351494145
France,FRA,1997,59968066,78.3048780487805,1.20394294026963,24169.4008102822
France,FRA,1998,60190684,78.6048780487805,0.651126867833072,24869.4030795939
France,FRA,1999,60501986,78.7560975609756,0.537141639134596,24576.3152254528
France,FRA,2000,60918661,79.0560975609756,1.67595988720928,22340.5939516217
France,FRA,2001,61364377,79.1585365853659,1.63478079549599,22331.7948343036
France,FRA,2002,61812142,79.2609756097561,1.92341228727063,24144.5727019529
France,FRA,2003,62249855,79.1146341463415,2.09847219146919,29479.5222101175
France,FRA,2004,62707588,80.1634146341463,2.14208964640238,33644.9282220364
France,FRA,2005,63180854,80.1634146341463,1.74586936380487,34696.3718316971
France,FRA,2006,63622342,80.8121951219512,1.67512449608726,36431.5658906555
France,FRA,2007,64016890,81.1121951219512,1.48799805953859,41486.1907828787
France,FRA,2008,64375116,81.2146341463415,2.81286194914785,45464.8181385158
France,FRA,2009,64706436,81.4146341463415,0.0876204781574653,41728.0884164132
France,FRA,2010,65026211,81.6634146341463,1.53112270420918,40694.8211697025
France,FRA,2011,65340830,82.1146341463415,2.11159795175,43929.7840873812
France,FRA,2012,65657659,81.9682926829268,1.95419531613509,40863.5814412333
France,FRA,2013,65997932,82.219512195122,0.863715497861804,42669.1795111893
France,FRA,2014,66312067,82.719512195122,0.507758822937989,43148.0459288416
France,FRA,2015,66548272,82.3219512195122,0.0375143805125181,36702.4323733379
France,FRA,2016,66724104,82.5731707317073,0.183334861123764,37024.2157133669
France,FRA,2017,66918020,82.5756097560976,1.03228275064681,38687.1626407164
France,FRA,2018,67158348,82.6756097560976,1.85081508315492,41418.1766484844
France,FRA,2019,67382061,82.8268292682927,1.10825492288293,40408.2848574751
France,FRA,2020,67601110,82.1756097560976,0.476498852725065,39169.8606000707
France,FRA,2021,67842811,82.3243902439024,1.64233141038393,43725.0999521245
France,FRA,2022,68184457,82.1292682926829,5.22236748369725,40988.6396406579
France,FRA,2023,68372286,82.8317073170732,4.8783572650844,44700.1384177544
France,FRA,2024,68551653,82.9804878048781,1.99904942291462,46103.0840855884
Greece,GRC,1960,8331725,70.4343170731707,1.47784758493376,513.085862390915
Greece,GRC,1961,8398050,70.2830243902439,2.10357934997025,582.563503591063
Greece,GRC,1962,8448233,70.2246097560976,-0.475428291049914,608.475515462307
Greece,GRC,1963,8479625,70.5639756097561,3.18466272791599,685.559282001744
Greece,GRC,1964,8510429,70.4581707317073,0.617302978512609,772.805500770312
Greece,GRC,1965,8550333,71.3916829268293,3.22087246997095,886.773611071551
Greece,GRC,1966,8613651,71.800512195122,4.90341596130601,983.55754915871
Greece,GRC,1967,8684088,71.307,1.8413570275059,1053.2588863313
Greece,GRC,1968,8740765,71.4037317073171,0.139060583507832,1138.38219032671
Greece,GRC,1969,8772764,71.9788780487805,2.63891868835485,1305.64395976862
Greece,GRC,1970,8792806,72.6807804878049,2.8416706788411,1473.60394808707
Greece,GRC,1971,8831036,72.8671707317073,3.28947072230333,1629.3452793287
Greece,GRC,1972,8888628,72.656243902439,4.33120123203356,1873.25412773592
Greece,GRC,1973,8929086,72.9059268292683,15.3846240702128,2468.00395502023
Greece,GRC,1974,8962022,73.3943658536585,26.5608465867349,2789.40577350635
Greece,GRC,1975,9046541,73.4011707317073,13.6287617821754,3109.3794397892
Greece,GRC,1976,9188150,73.6791219512195,13.0242794587956,3343.38819444676
Greece,GRC,1977,9308479,73.6803414634146,12.3697970875078,3832.32110004611
Greece,GRC,1978,9429959,74.3631707317073,12.5724256724442,4629.33937671209
Greece,GRC,1979,9548258,74.5928292682927,19.0941746808767,5626.58879087082
Greece,GRC,1980,9642505,74.5065609756098,24.6758939736233,5811.69069600941
Greece,GRC,1981,9729350,74.9156829268293,24.5060675977964,5305.43729381339
Greece,GRC,1982,9789513,75.2026829268293,20.9910886220017,5501.63700061234
Greece,GRC,1983,9846627,75.4804146341463,20.1794812892138,4950.06026518761
Greece,GRC,1984,9895801,75.7576097560976,18.4568132050187,4785.07463033775
Greece,GRC,1985,9934300,76.0950487804878,19.3146929406643,4746.76035816355
Greece,GRC,1986,9967213,76.4882195121951,23.0154508205012,5577.83258692769
Greece,GRC,1987,10000595,76.0558536585366,16.3968631635364,6473.57783168117
Greece,GRC,1988,10036983,76.9481951219512,13.5288583215048,7492.35204811251
Greece,GRC,1989,10089498,76.6878048780488,13.6555638723612,7737.54385772032
Greece,GRC,1990,10196792,76.9390243902439,20.433499109463,9466.66238502174
Greece,GRC,1991,10319927,77.1365853658537,19.4558456445745,10046.6663875475
Greece,GRC,1992,10399061,77.3829268292683,15.8770737923919,11021.012224607
Greece,GRC,1993,10460415,77.390243902439,14.4112644439349,10257.3085789073
Greece,GRC,1994,10512922,77.6390243902439,10.8740756809131,10937.0223808611
Greece,GRC,1995,10562153,77.5853658536585,8.93451415961512,12779.081491606
Greece,GRC,1996,10608800,77.6853658536585,8.19455217632728,13432.5262183244
Greece,GRC,1997,10661259,78.1365853658537,5.53600266773482,13015.9175046854
Greece,GRC,1998,10720509,77.8390243902439,4.76622572397645,13022.9648774809
Greece,GRC,1999,10761698,77.9878048780488,2.6366330602198,12742.5404388143
Greece,GRC,2000,10805808,77.8878048780488,3.15118162493827,11638.2010697215
Greece,GRC,2001,10862132,78.3878048780488,3.37396832213865,12156.9572824221
Greece,GRC,2002,10902022,78.6414634146341,3.62935871878874,13782.195640943
Greece,GRC,2003,10928070,78.8414634146341,3.53065027765554,18020.612039764
Greece,GRC,2004,10955141,79.0390243902439,2.89884810758167,21449.2552764245
Greece,GRC,2005,10987314,79.2390243902439,3.5450727333508,22054.1315756886
Greece,GRC,2006,11020362,79.4390243902439,3.19594684144543,24416.0232970275
Greece,GRC,2007,11048473,79.4390243902439,2.89500321516578,28440.7625328955
Greece,GRC,2008,11077841,79.9390243902439,4.1527970811029,31695.8331092209
Greece,GRC,2009,11107017,80.1878048780488,1.21007269197809,29425.4573200263
Greece,GRC,2010,11121341,80.3878048780488,4.71298907760395,26653.0488008626
Greece,GRC,2011,11104899,80.7317073170732,3.3298532335065,25504.7866510124
Greece,GRC,2012,11045011,80.6341463414634,1.50152696177758,21624.346052551
Greece,GRC,2013,10965211,81.2853658536585,-0.921269454256899,21573.3449762805
Greece,GRC,2014,10892413,81.3853658536585,-1.31226096405525,21474.7257123892
Greece,GRC,2015,10820883,81.0365853658537,-1.73588804765275,17980.7298238137
Greece,GRC,2016,10775971,81.3878048780488,-0.825653978391033,17919.2426377048
Greece,GRC,2017,10754679,81.2878048780488,1.12125452031425,18631.9930129293
Greece,GRC,2018,10732882,81.7878048780488,0.62562141345364,19873.4015238771
Greece,GRC,2019,10721582,81.6390243902439,0.253007522038059,19335.3602002969
Greece,GRC,2020,10698599,81.2878048780488,-1.24798355581405,17886.733165236
Greece,GRC,2021,10569207,80.0829268292683,1.22382501019854,20654.7001960815
Greece,GRC,2022,10436882,80.7878048780488,9.64525981280642,20886.5243087629
Greece,GRC,2023,10407351,81.7365853658537,3.46480128513405,23343.7103964562
Greece,GRC,2024,10405134,81.8390243902439,2.74101875679477,24626.1481858973
Hungary,HUN,1960,9983512,68.0031707317073,,
Hungary,HUN,1961,10027958,68.9360975609756,,
Hungary,HUN,1962,10060825,67.8658536585366,,
Hungary,HUN,1963,10087947,68.8741463414634,,
Hungary,HUN,1964,10119835,69.3809756097561,,
Hungary,HUN,1965,10147935,69.0712195121951,,
Hungary,HUN,1966,10178653,69.8224390243902,,
Hungary,HUN,1967,10216604,69.4070731707317,,
Hungary,HUN,1968,10255815,69.230243902439,,476.434350138292
Hungary,HUN,1969,10298723,69.3146341463415,,527.231617602682
Hungary,HUN,1970,10337910,69.1646341463415,,559.197091346639
Hungary,HUN,1971,10367537,69.0524390243903,,606.852738581394
Hungary,HUN,1972,10398489,69.6646341463415,,709.652502602719
Hungary,HUN,1973,10432055,69.5180487804878,3.38797814176702,875.981999921224
Hungary,HUN,1974,10478720,69.2480487804878,1.79704016823474,955.874207823024
Hungary,HUN,1975,10540525,69.29,3.84215991793819,1083.47473343284
Hungary,HUN,1976,10598677,69.5731707317073,5.2283983330866,1248.79851313891
Hungary,HUN,1977,10648031,69.8480487804878,3.90889569564822,1388.39509904029
Hungary,HUN,1978,10684822,69.3939024390244,4.68714274853112,1617.87853402771
Hungary,HUN,1979,10704152,69.6153658536585,8.97641234700303,1864.67188851588
Hungary,HUN,1980,10711122,69.0617073170732,9.28585743921337,2158.22181355246
Hungary,HUN,1981,10711848,69.1392682926829,4.66141394394755,2213.05267699322
Hungary,HUN,1982,10705535,69.3578048780488,6.8358050825954,2255.06405686887
Hungary,HUN,1983,10689463,68.9736585365854,7.27989573279491,2049.71617921793
Hungary,HUN,1984,10668095,69.0258536585366,8.46785487646018,1991.23894795513
Hungary,HUN,1985,10648713,68.9721951219512,6.94234501879147,2020.02286569062
Hungary,HUN,1986,10630564,69.1734146341463,5.29166170071091,2330.84188308476
Hungary,HUN,1987,10612741,69.6512195121951,8.67431417733243,2565.9739107384
Hungary,HUN,1988,10596487,70.0234146341463,15.7235490703556,2812.23754602897
Hungary,HUN,1989,10481719,69.4617073170732,17.149151997396,2902.43508126549
Hungary,HUN,1990,10373988,69.3156097560976,28.3695996532777,3323.53967237633
Hungary,HUN,1991,10373400,69.3770731707317,34.8175429072704,3361.22268037924
Hungary,HUN,1992,10369341,69.1170731707317,23.6557207806552,3747.32966394956
Hungary,HUN,1993,10357523,69.1012195121951,22.4642346133809,3886.66608419616
Hungary,HUN,1994,10343355,69.469756097561,18.8680749869283,4187.0311799663
Hungary,HUN,1995,10328965,69.7917073170732,28.3054683706654,4509.41740910077
Hungary,HUN,1996,10311238,70.3287804878049,23.4690301919185,4542.0120380978
Hungary,HUN,1997,10290486,70.7024390243902,18.3050744143799,4606.0569733295
Hungary,HUN,1998,10266570,70.5578048780488,14.153789654534,4751.7732430202
Hungary,HUN,1999,10237530,70.6770731707317,9.99774409303368,4801.95949584162
Hungary,HUN,2000,10210971,71.2463414634146,9.80361016908125,4629.91760812548
Hungary,HUN,2001,10187576,72.2487804878049,9.11680911680911,5280.94887987063
Hungary,HUN,2002,10158608,72.3487804878049,5.26544821583985,6658.04494326809
Hungary,HUN,2003,10129552,72.3,4.66101694915254,8410.09248198479
Hungary,HUN,2004,10107146,72.6487804878049,6.74434679569469,10291.2694721409
Hungary,HUN,2005,10087065,72.6487804878049,3.56151711378352,11212.2046968994
Hungary,HUN,2006,10071370,73.0975609756098,3.93032603841001,11478.4891640501
Hungary,HUN,2007,10055780,73.1512195121951,7.9587451654491,13934.605460375
Hungary,HUN,2008,10038188,73.7024390243903,6.0425125388106,15762.6322515113
Hungary,HUN,2009,10022650,73.9048780487805,4.21171171171171,13051.1831777184
Hungary,HUN,2010,10000023,74.2073170731707,4.85555795691956,13189.8433874768
Hungary,HUN,2011,9971727,74.8585365853659,3.9299209893507,14211.460557822
Hungary,HUN,2012,9920362,75.0634146341463,5.65214517088646,12950.1594488143
Hungary,HUN,2013,9872734,75.5658536585366,1.73319984983101,13739.4620151401
Hungary,HUN,2014,9833038,75.7634146341463,-0.227566270988219,14352.501883174
Hungary,HUN,2015,9797755,75.5682926829269,-0.0616446800641672,12782.9412577973
Hungary,HUN,2016,9759755,76.0634146341464,0.394769306686392,13215.8605277789
Hungary,HUN,2017,9726756,75.8170731707317,2.34824281150154,14736.1668157258
Hungary,HUN,2018,9706964,76.0658536585366,2.85024792594646,16605.0570511887
Hungary,HUN,2019,9694824,76.3195121951219,3.33858635382008,17012.8598553199
Hungary,HUN,2020,9670419,75.419512195122,3.32674385766738,16386.9308821258
Hungary,HUN,2021,9630932,74.0658536585366,5.11096534382855,19030.628130329
Hungary,HUN,2022,9605074,75.8682926829268,14.6081439492433,18428.028825614
Hungary,HUN,2023,9592186,76.5707317073171,17.1249659678737,22230.6277875187
Hungary,HUN,2024,9562065,76.7243902439025,3.70370370370369,23292.3263882478
Ireland,IRL,1960,2828600,70.1942682926829,0.450837269431776,706.551022345168
Ireland,IRL,1961,2824400,69.6782926829268,2.7569993586355,761.851359570018
Ireland,IRL,1962,2836050,69.9910487804878,4.26372712149085,821.344113076887
Ireland,IRL,1963,2852650,70.2300975609756,2.45362058668928,878.156576476286
Ireland,IRL,1964,2866550,70.4899268292683,6.71728971926295,994.607331611746
Ireland,IRL,1965,2877300,70.695,4.98812351543946,1055.03624701098
Ireland,IRL,1966,2888800,70.2169512195122,3.05429864140273,1107.31823034754
Ireland,IRL,1967,2902450,71.2453658536585,3.1833150395518,1187.18321236576
Ireland,IRL,1968,2915550,70.941,4.6808510638299,1158.85549787929
Ireland,IRL,1969,2932650,70.8528292682927,7.41869918597554,1330.78329549951
Ireland,IRL,1970,2957250,70.9015609756098,8.20719016091027,1486.51452734638
Ireland,IRL,1971,2992050,71.6758536585366,8.96174863417669,1703.93218277317
Ireland,IRL,1972,3036850,71.021756097561,8.60581745301066,2080.46514718169
Ireland,IRL,1973,3085950,71.2399756097561,11.4148503873296,2424.26904706558
Ireland,IRL,1974,3137500,71.1755609756098,16.9761273212048,2516.92768605196
Ireland,IRL,1975,3189550,71.7530487804878,20.8758503401952,2973.40012301715
Ireland,IRL,1976,3238050,71.8566097560976,17.9856958613386,2919.58308695615
Ireland,IRL,1977,3282200,71.9973902439024,13.4722552937948,3427.0734359204
Ireland,IRL,1978,3329100,71.9963170731707,7.71111214621869,4399.98680535092
Ireland,IRL,1979,3373750,72.2680243902439,13.2954688248281,5429.96200087479
Ireland,IRL,1980,3412800,72.5954146341464,18.1544622557972,6372.43777545453
Ireland,IRL,1981,3453000,72.9517804878049,20.3735110701934,5986.1541089392
Ireland,IRL,1982,3485800,73.2090487804878,17.1471262037092,6160.63829313723
Ireland,IRL,1983,3510600,73.2400975609756,10.4476255348594,5915.24177164341
Ireland,IRL,1984,3532423,73.6637317073171,8.65111053796386,5692.02738597285
Ireland,IRL,1985,3538082,73.6219024390244,5.39548620170352,6011.7355464232
Ireland,IRL,1986,3539690,73.6655365853659,3.82704166542659,8112.17136316453
Ireland,IRL,1987,3540057,74.4319024390244,3.15941034835014,9581.91308572415
Ireland,IRL,1988,3524949,74.4394146341463,2.13456989107103,10715.8702780539
Ireland,IRL,1989,3511009,74.4552195121951,4.08905388153544,11175.816603647
Ireland,IRL,1990,3513974,74.8460731707317,3.31732886680118,14031.3025675469
Ireland,IRL,1991,3534235,75.025,3.21081037142378,14087.2074393708
Ireland,IRL,1992,3558430,75.4150975609756,3.06999853835904,15714.3847487231
Ireland,IRL,1993,3576261,75.2921951219512,1.46941522411422,14657.0615549805
Ireland,IRL,1994,3590386,75.7866341463415,2.30920192610951,15902.9296755168
Ireland,IRL,1995,3608841,75.4693170731707,2.52486446780802,19158.4564773907
Ireland,IRL,1996,3637510,75.8317073170732,1.75574469607419,20835.8977130847
Ireland,IRL,1997,3674171,75.9853658536585,1.5418020226137,22551.1139134126
Ireland,IRL,1998,3712696,76.1804878048781,2.40768094534715,24294.8547674007
Ireland,IRL,1999,3754786,76.0829268292683,1.62988605221407,26338.1077543817
Ireland,IRL,2000,3805174,76.5365853658537,5.57763269940387,26334.5672050501
Ireland,IRL,2001,3866243,77.1341463414634,4.85280279607477,28282.409882073
Ireland,IRL,2002,3931947,77.6341463414634,4.62820512820515,32705.4345565698
Ireland,IRL,2003,3996521,78.1390243902439,3.49221909079765,41203.5295847568
Ireland,IRL,2004,4070262,78.5390243902439,2.17854605730523,47754.2023194244
Ireland,IRL,2005,4159914,78.9439024390244,2.45654692931639,50933.0216095589
Ireland,IRL,2006,4273591,79.2414634146342,3.93576114001354,54329.1618599624
Ireland,IRL,2007,4398942,79.6414634146341,4.88574537540802,61396.417461176
Ireland,IRL,2008,4489544,80.0951219512195,4.03568834941391,61353.1065629523
Ireland,IRL,2009,4535375,80.190243902439,-4.44754686876746,52133.0906162544
Ireland,IRL,2010,4560155,80.7439024390244,-0.918388645376774,48623.9666422487
Ireland,IRL,2011,4580084,80.7463414634146,2.5489783020855,52613.8540355689
Ireland,IRL,2012,4599533,80.8463414634146,1.69474116680366,49335.8408099555
Ireland,IRL,2013,4623816,80.9487804878049,0.515099484900573,52537.6108648692
Ireland,IRL,2014,4657740,81.3487804878049,0.190916398713745,57214.5379785709
Ireland,IRL,2015,4701957,81.4536585365854,-0.330959783371788,64250.1385181257
Ireland,IRL,2016,4762722,81.6536585365854,0.0201247735963237,64129.5571542383
Ireland,IRL,2017,4827445,82.1560975609756,0.362173038229378,72161.4047531385
Ireland,IRL,2018,4898022,82.2048780487805,0.471130713712916,80804.1123164826
Ireland,IRL,2019,4976456,82.7024390243903,0.937842961189274,81827.6688873996
Ireland,IRL,2020,5039747,82.4560975609756,-0.326183651280033,86514.0706108754
Ireland,IRL,2021,5110585,82.2536585365854,2.34034113447044,103783.446284479
Ireland,IRL,2022,5212836,82.509756097561,7.82945736434105,105190.685952731
Ireland,IRL,2023,5311538,82.8073170731707,6.29942487419125,106818.917130804
Ireland,IRL,2024,5395790,83.009756097561,2.11344999577317,112894.953240805
Italy,ITA,1960,50199700,69.1239024390244,2.3501614137705,836.905850281885
Italy,ITA,1961,50536350,69.760243902439,2.05069731278698,923.08778375214
Italy,ITA,1962,50879450,69.149756097561,4.69114360740471,1030.15800343763
Italy,ITA,1963,51252000,69.2480487804878,7.45471822539103,1171.3869628098
Italy,ITA,1964,51675350,70.3117073170732,5.91232253218587,1271.80119301518
Italy,ITA,1965,52112350,70.1717073170732,4.51926830743458,1357.0106162201
Italy,ITA,1966,52519000,70.9260975609756,2.34658893413318,1458.94713889011
Italy,ITA,1967,52900500,70.9565853658537,3.73333832073822,1595.48578129215
Italy,ITA,1968,53235750,70.78,1.27731335390797,1718.49646427147
Italy,ITA,1969,53537950,70.8119512195122,2.65725273386972,1886.45002730465
Italy,ITA,1970,53821850,71.5587804878049,4.96831987329335,2111.71986404332
Italy,ITA,1971,54073490,71.8068292682927,4.79166438333786,2310.92376058816
Italy,ITA,1972,54381345,72.0753658536586,5.74950393730007,2677.29372999774
Italy,ITA,1973,54751406,72.0263414634146,10.7986174547602,3212.63949627574
Italy,ITA,1974,55110868,72.7343902439025,19.1597695854699,3629.49182319594
Italy,ITA,1975,55441001,72.6473170731708,16.9505025668306,4116.45964933054
Italy,ITA,1976,55718260,72.9919512195122,16.6141664725788,4042.39482463789
Italy,ITA,1977,55955411,73.3646341463415,17.13004878665,4614.21004931651
Italy,ITA,1978,56155143,73.6931707317073,12.0940138425074,5623.42917622719
Italy,ITA,1979,56317749,74.0026829268293,14.7985735661484,7006.39699054556
Italy,ITA,1980,56433883,73.9431707317073,21.0641682770745,8476.41045000836
Italy,ITA,1981,56501675,74.3539024390244,17.9692987519672,7640.40241250516
Italy,ITA,1982,56543548,74.8146341463415,16.4804146202214,7573.93967597775
Italy,ITA,1983,56564074,74.640243902439,14.646576674877,7850.62789042275
Italy,ITA,1984,56576718,75.389512195122,10.7944960076811,7757.55374836822
Italy,ITA,1985,56593071,75.4707317073171,9.20599144253118,8009.10347642127
Italy,ITA,1986,56596155,75.7707317073171,5.82354691862017,11341.0939892903
Italy,ITA,1987,56601931,76.219512195122,4.74728490389789,14267.5368168757
Italy,ITA,1988,56629288,76.3707317073171,5.05824747667119,15780.9495122174
Italy,ITA,1989,56671781,76.819512195122,6.25983137956977,16424.4301587005
Italy,ITA,1990,56719240,76.9707317073171,6.456609061464,20873.7834092719
Italy,ITA,1991,56758521,77.0195121951219,6.24999929790291,22007.1350964074
Italy,ITA,1992,56797087,77.419512195122,5.2705899859293,23297.0460325456
Italy,ITA,1993,56831821,77.7219512195122,4.62673468331298,18781.9529427137
Italy,ITA,1994,56843400,77.9219512195122,4.05184218065716,19382.2002150155
Italy,ITA,1995,56844303,78.1707317073171,5.23542258044301,20712.1798690324
Italy,ITA,1996,56860281,78.5219512195122,4.0069766898104,23122.9337219116
Italy,ITA,1997,56890372,78.8243902439024,2.04310779750136,21883.9872666651
Italy,ITA,1998,56906744,78.9756097560976,1.95508557719381,22365.1837644545
Italy,ITA,1999,56916317,79.4243902439024,1.66345995007714,22049.9990620261
Italy,ITA,2000,56942108,79.7780487804878,2.53768532095002,20190.0035636084
Italy,ITA,2001,56976981,80.1268292682927,2.78516542713554,20570.4385917862
Italy,ITA,2002,57089824,80.2292682926829,2.46532319171165,22451.3964379368
Italy,ITA,2003,57399184,79.9829268292683,2.6725555277285,27577.5700319855
Italy,ITA,2004,57828179,80.7804878048781,2.20673661423657,31348.1901841445
Italy,ITA,2005,58166682,80.7829268292683,1.9852929852798,32062.723833669
Italy,ITA,2006,58399861,81.2829268292683,2.09084391012754,33537.1286994269
Italy,ITA,2007,58756247,81.4341463414634,1.82974112202403,37826.1754554823
Italy,ITA,2008,59211181,81.4853658536585,3.34783258401022,40828.5795580937
Italy,ITA,2009,59555454,81.6365853658537,0.774768131387381,37099.6133958219
Italy,ITA,2010,59819407,82.0365853658537,1.52551602118248,35856.8625485539
Italy,ITA,2011,60026841,82.1878048780488,2.78063272879323,38432.3742820019
Italy,ITA,2012,60191247,82.2390243902439,3.04136333226775,34854.3949441965
Italy,ITA,2013,60311613,82.690243902439,1.21999342274306,35701.6746002376
Italy,ITA,2014,60320707,83.090243902439,0.241047429826756,36028.3494022349
Italy,ITA,2015,60229605,82.5439024390244,0.0387903996579733,30639.8829751432
Italy,ITA,2016,60115223,83.2439024390244,-0.09401665691575,31391.5692898108
Italy,ITA,2017,60002252,82.9463414634147,1.22653316645812,32844.115660604
Italy,ITA,2018,60148658,83.3463414634146,1.13748763600391,34904.1081923834
Italy,ITA,2019,59729081,83.4975609756098,0.611246943765304,33812.788724868
Italy,ITA,2020,59438851,82.1951219512195,-0.13770757391651,32091.4866621366
Italy,ITA,2021,59133173,82.6463414634146,1.87378325762481,36852.5425414951
Italy,ITA,2022,59013667,82.7,8.20128991161718,35653.9042103495
Italy,ITA,2023,58984216,83.3512195121951,5.62219442195901,39277.0838783918
Italy,ITA,2024,58952704,83.9512195121951,0.982373023061417,40385.3413957669
Luxembourg,LUX,1960,313970,68.8005609756098,0.449620296389857,2261.17741836594
Luxembourg,LUX,1961,316845,69.1529268292683,0.48243359063082,2241.36003221423
Luxembourg,LUX,1962,320750,68.4317317073171,0.895946647339897,2331.55685801925
Luxembourg,LUX,1963,324100,68.6719756097561,2.87632246212668,2461.90112384487
Luxembourg,LUX,1964,327750,68.8656829268293,3.09638151245736,2779.18439746326
Luxembourg,LUX,1965,331500,69.2268536585366,3.33367932929353,2803.85304611765
Luxembourg,LUX,1966,333895,68.9003658536585,3.33167977254562,2925.22204723477
Luxembourg,LUX,1967,334995,69.4889268292683,2.16615698739849,2934.52832111007
Luxembourg,LUX,1968,335850,69.974756097561,2.62542908963153,3202.50594852825
Luxembourg,LUX,1969,337500,69.7166829268293,2.29443437047165,3690.17182620062
Luxembourg,LUX,1970,339171,69.2080975609756,4.63935344389948,4298.03389742102
Luxembourg,LUX,1971,342421,69.2398536585366,4.67221498041397,4435.39800823681
Luxembourg,LUX,1972,346600,70.4433658536585,5.22568050555548,5486.72062789089
Luxembourg,LUX,1973,350450,70.3344390243903,6.06809835910203,7447.21301786664
Luxembourg,LUX,1974,355050,70.1996341463415,9.54065541660593,8966.72895879047
Luxembourg,LUX,1975,358950,70.3182195121951,10.7176711339197,8701.30473139249
Luxembourg,LUX,1976,360731,70.2204146341464,9.79734643716296,9490.6903118849
Luxembourg,LUX,1977,361358,71.4241463414634,6.70549411450666,10486.3357891095
Luxembourg,LUX,1978,362007,71.4146341463415,3.09466077424648,13034.3882079614
Luxembourg,LUX,1979,362856,72.1766585365854,4.54652779042165,15204.3308191994
Luxembourg,LUX,1980,364150,72.2581707317073,6.29990006244593,16531.1148988397
Luxembourg,LUX,1981,365225,71.9679268292683,8.07294375934595,13837.1299814617
Luxembourg,LUX,1982,365525,72.0555853658537,9.35705099427382,12590.9767956204
Luxembourg,LUX,1983,365622,72.8511951219512,8.66927159808522,12374.0304234408
Luxembourg,LUX,1984,365998,72.5807073170732,6.43585780786993,12126.9391987909
Luxembourg,LUX,1985,366706,73.1336097560976,4.09358778530093,12481.9658448559
Luxembourg,LUX,1986,368355,73.952512195122,0.294563408545436,18149.8692500239
Luxembourg,LUX,1987,370750,73.7223414634146,-0.0566629093891044,22443.4314633012
Luxembourg,LUX,1988,373450,74.1201951219512,1.43659056634904,25219.3542781732
Luxembourg,LUX,1989,377100,74.1226585365854,3.37095887290443,26618.0695774968
Luxembourg,LUX,1990,381850,74.7754878048781,3.25376659083639,33465.478207919
Luxembourg,LUX,1991,387000,75.4634146341463,3.11835659874851,35747.3377992066
Luxembourg,LUX,1992,392175,75.7707317073171,3.15417375961789,39570.8615665986
Luxembourg,LUX,1993,397475,75.7121951219512,3.58809818535164,40066.7242518773
Luxembourg,LUX,1994,402925,76.3707317073171,2.1947646868907,43933.235442736
Luxembourg,LUX,1995,408625,76.5121951219512,1.86769424969105,51032.349635318
Luxembourg,LUX,1996,414225,76.519512195122,1.18385968843571,50444.3591236175
Luxembourg,LUX,1997,419450,76.880487804878,1.36751261207943,46641.6408754876
Luxembourg,LUX,1998,424700,77.0170731707317,0.958570110494674,47445.3810812051
Luxembourg,LUX,1999,430475,77.7707317073171,1.02519676474932,50872.4492684624
Luxembourg,LUX,2000,436300,77.8731707317073,3.15076707022592,48659.5988753233
Luxembourg,LUX,2001,441525,77.8243902439025,2.66382110579103,48440.1420151355
Luxembourg,LUX,2002,446175,77.9658536585366,2.07408613571643,53005.7339209179
Luxembourg,LUX,2003,451630,77.7268292682927,2.04984030563518,65689.3214536911
Luxembourg,LUX,2004,458095,79.1219512195122,2.22567916428889,76544.9170868473
Luxembourg,LUX,2005,465158,79.4317073170732,2.48769665164088,80988.1376230858
Luxembourg,LUX,2006,472637,79.2878048780488,2.66631494577069,90788.8004876145
Luxembourg,LUX,2007,479993,79.3829268292683,2.31245861786127,107475.320297978
Luxembourg,LUX,2008,488650,80.5390243902439,3.40187963025571,120422.137934157
Luxembourg,LUX,2009,497783,80.6365853658537,0.368041997888887,109419.746953106
Luxembourg,LUX,2010,506953,80.6317073170732,2.2736791162154,110885.991378721
Luxembourg,LUX,2011,518347,80.9878048780488,3.41068341068342,119025.057203467
Luxembourg,LUX,2012,530946,81.3926829268293,2.66284165508021,112584.676270958
Luxembourg,LUX,2013,543360,81.8,1.73403963519162,120000.140729859
Luxembourg,LUX,2014,556319,82.2292682926829,0.628543985440717,123678.702143275
Luxembourg,LUX,2015,569604,82.2926829268293,0.474743161437779,105462.012584423
Luxembourg,LUX,2016,582014,82.6853658536585,0.290833333333317,106899.293549552
Luxembourg,LUX,2017,596336,82.0951219512195,1.73079959118887,110193.213797228
Luxembourg,LUX,2018,607950,82.2951219512195,1.5281952430738,116926.759593905
Luxembourg,LUX,2019,620001,82.6390243902439,1.74332075653848,112696.649059674
Luxembourg,LUX,2020,630419,82.1439024390244,0.819957302127036,116860.02817236
Luxembourg,LUX,2021,640064,82.5975609756098,2.52692009066166,134965.815442152
Luxembourg,LUX,2022,653103,82.9463414634147,6.33600807777919,123719.658915996
Luxembourg,LUX,2023,666430,83.309756097561,3.74140361983136,133230.619178899
Luxembourg,LUX,2024,677012,83.1951219512195,2.05113269954859,137781.681659123
Netherlands,NLD,1960,11486631,73.3926829268293,2.32394366197217,1156.38597727767
Netherlands,NLD,1961,11638712,73.6526829268293,1.30763936682729,1254.42028262131
Netherlands,NLD,1962,11805689,73.3239024390244,2.43114520046464,1342.36827187015
Netherlands,NLD,1963,11965966,73.3370731707317,3.24365932762645,1436.88726083934
Netherlands,NLD,1964,12127120,73.7041463414634,5.82376646876146,1668.33086114697
Netherlands,NLD,1965,12294732,73.5687804878049,3.90802639393659,1848.09801532427
Netherlands,NLD,1966,12456251,73.5129268292683,5.7621465538999,1986.2702443166
Netherlands,NLD,1967,12598201,73.8041463414634,3.45532005294176,2154.57969743046
Netherlands,NLD,1968,12729721,73.6126829268293,3.72079177074764,2364.3594192663
Netherlands,NLD,1969,12877984,73.539512195122,7.4217973638689,2646.84581766825
Netherlands,NLD,1970,13038526,73.5856097560976,3.66891820184056,2931.38078026525
Netherlands,NLD,1971,13194497,73.809512195122,7.47769255204135,3383.58715579996
Netherlands,NLD,1972,13328593,73.7270731707317,7.80279143456221,4110.49164551948
Netherlands,NLD,1973,13439322,74.1439024390244,8.02220374966094,5353.44265154981
Netherlands,NLD,1974,13545056,74.5368292682927,9.591424843251,6450.45770236493
Netherlands,NLD,1975,13666335,74.4987804878049,10.2174805273043,7346.3047476862
Netherlands,NLD,1976,13774037,74.6470731707317,8.83064355905726,7937.35246713998
Netherlands,NLD,1977,13856185,75.2214634146342,6.39930319039242,9180.29918461772
Netherlands,NLD,1978,13941700,75.1451219512195,4.11201316875867,11195.8424872959
Netherlands,NLD,1979,14038270,75.6060975609756,4.19929296222732,12817.3790153401
Netherlands,NLD,1980,14149800,75.7431707317073,6.51345686297215,13812.1600098191
Netherlands,NLD,1981,14247208,75.9343902439025,6.73892955078451,11537.4026865092
Netherlands,NLD,1982,14312690,75.9885365853659,5.91109323984916,11088.9543150885
Netherlands,NLD,1983,14367070,76.1641463414634,2.74084282543433,10696.0774958682
Netherlands,NLD,1984,14424211,76.2331707317073,3.30163841997983,9991.84377655651
Netherlands,NLD,1985,14491632,76.2846341463415,2.25858401255268,9940.73843593795
Netherlands,NLD,1986,14572278,76.2704878048781,0.0833479494867508,13804.1360603265
Netherlands,NLD,1987,14665037,76.7051219512195,-0.691203091336868,16734.1514052316
Netherlands,NLD,1988,14760094,76.890243902439,0.737943045747553,17770.6162376388
Netherlands,NLD,1989,14848907,76.7341463414634,1.08216015577775,17423.2961585523
Netherlands,NLD,1990,14951510,76.8780487804878,2.45408985919675,21322.1944802703
Netherlands,NLD,1991,15069798,77.0,3.15819751859096,21764.2144987258
Netherlands,NLD,1992,15184166,77.2170731707317,3.18358569499581,23939.2173482108
Netherlands,NLD,1993,15290368,76.9165853658537,2.58418115634715,23156.4404444568
Netherlands,NLD,1994,15382838,77.3751219512195,2.80152693672192,24682.5866742863
Netherlands,NLD,1995,15459006,77.4046341463415,1.92322457166359,29301.1940492376
Netherlands,NLD,1996,15530498,77.4356097560976,2.11378787066774,29063.6236532536
Netherlands,NLD,1997,15610650,77.7943902439024,2.10924562739483,26744.9601318097
Netherlands,NLD,1998,15707209,77.8829268292683,1.95913632274257,27924.281808994
Netherlands,NLD,1999,15812088,77.8365853658537,2.1571791805505,28318.7466538357
Netherlands,NLD,2000,15925513,77.9878048780488,2.36052233801958,26225.1697734149
Netherlands,NLD,2001,16046180,78.190243902439,4.15584127195612,26955.7128032278
Netherlands,NLD,2002,16148929,78.2926829268293,3.28753104712766,29446.5330872868
Netherlands,NLD,2003,16225302,78.4926829268293,2.09199838997655,35896.7504630706
Netherlands,NLD,2004,16281779,79.0951219512195,1.26364739183177,40611.3414353091
Netherlands,NLD,2005,16319868,79.3463414634146,1.6881301786962,42165.396168388
Netherlands,NLD,2006,16346101,79.6975609756098,1.10150106517709,45123.5432406426
Netherlands,NLD,2007,16381696,80.0975609756098,1.61385859802102,52100.7996285947
Netherlands,NLD,2008,16445593,80.2512195121951,2.48650198289457,58246.7026905874
Netherlands,NLD,2009,16530388,80.5487804878049,1.18977687021548,53172.0261581418
Netherlands,NLD,2010,16615394,80.7024390243902,1.27530569556679,51305.7338533973
Netherlands,NLD,2011,16693074,81.2048780487805,2.34107017751373,54701.7728030611
Netherlands,NLD,2012,16754962,81.1048780487805,2.45554765291614,50473.9442002689
Netherlands,NLD,2013,16804432,81.3048780487805,2.50689852657875,52602.2860520766
Netherlands,NLD,2014,16865008,81.7073170731707,0.976035079699679,53457.2234864322
Netherlands,NLD,2015,16939923,81.509756097561,0.600248147278776,45793.8135434697
Netherlands,NLD,2016,17030314,81.5609756097561,0.316666666666652,46808.5291492503
Netherlands,NLD,2017,17131296,81.7609756097561,1.38145871407216,49513.6817346384
Netherlands,NLD,2018,17231624,81.8121951219512,1.70349794744479,53955.0770024266
Netherlands,NLD,2019,17344874,82.1121951219512,2.63369910249591,53554.9007491475
Netherlands,NLD,2020,17441500,81.3585365853659,1.27246037789161,53467.9277413737
Netherlands,NLD,2021,17533044,81.309756097561,2.67572008805385,60141.9880911492
Netherlands,NLD,2022,17700982,81.6146341463415,10.0012078753473,59123.318556487
Netherlands,NLD,2023,17877117,81.8634146341464,3.83839354342808,63515.6030780019
Netherlands,NLD,2024,17993485,81.9658536585366,3.34754304219953,67520.4218956281
Norway,NOR,1960,3581239,73.549756097561,0.360492346844599,1451.2850779894
Norway,NOR,1961,3609800,73.5504878048781,2.15517277670924,1570.63804374719
Norway,NOR,1962,3638918,73.4480487804878,5.27425952920728,1678.26725653992
Norway,NOR,1963,3666537,73.0775609756098,2.47161052896502,1787.31853394909
Norway,NOR,1964,3694339,73.5958536585366,5.86701538751924,1950.69324222931
Norway,NOR,1965,3723168,73.7231707317073,4.18722443997995,2178.77508111808
Norway,NOR,1966,3753012,73.9953658536585,3.25056334305309,2332.51059866098
Norway,NOR,1967,3784539,74.0665853658537,4.57926975753998,2530.66057799458
Norway,NOR,1968,3816486,73.9419512195122,3.44829324254207,2679.71300438189
Norway,NOR,1969,3847707,73.6634146341463,2.96294951075211,2894.23998236681
Norway,NOR,1970,3875763,74.0880487804878,10.6372065264183,3306.21947607769
Norway,NOR,1971,3903039,74.1792682926829,6.22386323501293,3736.34873749991
Norway,NOR,1972,3933004,74.3446341463415,7.2584358296152,4413.57569168528
Norway,NOR,1973,3960612,74.4421951219512,7.41947283637503,5689.5888066967
Norway,NOR,1974,3985258,74.7536585365854,9.4117681321189,6811.52733653232
Norway,NOR,1975,4007313,74.8175609756098,11.6892234816853,8204.45151152979
Norway,NOR,1976,4026152,75.039512195122,9.16147276547566,8927.20162734477
Norway,NOR,1977,4043205,75.3868292682927,9.10383971160297,10266.1206718698
Norway,NOR,1978,4058671,75.4185365853659,8.1616715433962,11462.5945916053
Norway,NOR,1979,4072517,75.4139024390244,4.50972761206209,13046.5372210653
Norway,NOR,1980,4085620,75.6717073170732,10.8786610878661,15772.2409073814
Norway,NOR,1981,4099702,75.8690243902439,13.6429608127721,15512.5067043575
Norway,NOR,1982,4114787,76.0109756097561,11.3409961685823,15224.8939100982
Norway,NOR,1983,4128432,76.0668292682927,8.46524432209224,14927.5174766339
Norway,NOR,1984,4140099,76.2243902439024,6.21827411167509,14989.4857665906
Norway,NOR,1985,4152516,75.9168292682927,5.71485463958583,15753.5527652129
Norway,NOR,1986,4167354,76.2412195121951,7.1764927481635,18883.2333523873
Norway,NOR,1987,4186905,76.0817073170732,8.7170474516696,22505.8622623684
Norway,NOR,1988,4209488,76.2204878048781,6.6763659877142,24207.281468963
Norway,NOR,1989,4226901,76.500487804878,4.5461433550538,24281.1304051396
Norway,NOR,1990,4241473,76.5373170731707,4.1310334831135,28242.981402822
Norway,NOR,1991,4261732,76.9807317073171,3.43819599109134,28596.9330036444
Norway,NOR,1992,4286401,77.1843902439025,2.32808504911848,30523.9850558974
Norway,NOR,1993,4311991,77.1517073170732,2.28826933193061,27963.6979095744
Norway,NOR,1994,4336613,77.689756097561,1.37567498071478,29315.8092337732
Norway,NOR,1995,4359184,77.7365853658537,2.46036778693729,34875.7043347536
Norway,NOR,1996,4381336,78.1504878048781,1.26253249164501,37321.9741993473
Norway,NOR,1997,4405157,78.1426829268293,2.56692335900252,36629.0309036621
Norway,NOR,1998,4431464,78.3292682926829,2.25241329996429,34803.4634058738
Norway,NOR,1999,4461913,78.2829268292683,2.36596736596733,36393.2927471088
Norway,NOR,2000,4490967,78.6341463414634,3.08550609131279,38178.2368777076
Norway,NOR,2001,4513751,78.7853658536585,3.00419703998233,38601.897639231
Norway,NOR,2002,4538159,78.9878048780488,1.28672528415184,43170.557174499
Norway,NOR,2003,4564855,79.390243902439,2.48782553461781,50250.3298214345
Norway,NOR,2004,4591910,79.8414634146342,0.454498502220863,57768.6980958462
Norway,NOR,2005,4623291,80.0414634146342,1.53213367609249,67047.1704558264
Norway,NOR,2006,4660677,80.3439024390244,2.3293498075755,74434.4996835671
Norway,NOR,2007,4709153,80.3951219512195,0.712589073634201,85502.2677087731
Norway,NOR,2008,4768212,80.5926829268293,3.75393081761005,97503.5407803783
Norway,NOR,2009,4828726,80.7951219512195,2.19738586853568,80347.5700665184
Norway,NOR,2010,4889252,80.9975609756098,2.41890639481003,88163.2085931423
Norway,NOR,2011,4953088,81.2951219512195,1.2849515880916,101221.813476644
Norway,NOR,2012,5018573,81.4512195121951,0.696864111498263,102175.919298374
Norway,NOR,2013,5079623,81.7512195121951,2.12048620353112,103553.840134417
Norway,NOR,2014,5137232,82.1,2.04170286707211,97666.6951838749
Norway,NOR,2015,5188607,82.3048780487805,2.17113665389527,74809.9658049898
Norway,NOR,2016,5234519,82.4073170731707,3.55000000000007,70867.3609970749
Norway,NOR,2017,5276968,82.609756097561,1.87510059552545,76131.8384032764
Norway,NOR,2018,5311916,82.7585365853659,2.76483134528797,82792.8427113304
Norway,NOR,2019,5347896,82.9585365853659,2.16773003305411,76430.5889473338
Norway,NOR,2020,5379475,83.209756097561,1.28658490707996,68340.0181033702
Norway,NOR,2021,5408320,83.1634146341463,3.48388055266669,93072.8925119571
Norway,NOR,2022,5457127,82.509756097561,5.76412317852272,109269.520580298
Norway,NOR,2023,5519601,83.0121951219512,5.51784987104659,87497.2179649556
Norway,NOR,2024,5572279,83.1609756097561,3.14530134431081,86785.4334489176
Poland,POL,1960,29637450,67.6804878048781,,
Poland,POL,1961,29964000,67.7780487804878,,
Poland,POL,1962,30308500,67.4268292682927,,
Poland,POL,1963,30712000,68.3756097560976,,
Poland,POL,1964,31139450,68.6292682926829,,
Poland,POL,1965,31444950,69.4292682926829,,
Poland,POL,1966,31681000,69.8268292682927,,
Poland,POL,1967,31987155,69.4243902439024,,
Poland,POL,1968,32294655,70.219512195122,,
Poland,POL,1969,32548300,69.719512195122,,
Poland,POL,1970,32664300,69.8682926829268,,
Poland,POL,1971,32783500,69.6121951219512,1.09999999900022,
Poland,POL,1972,33055650,70.6658536585366,-0.0989119673601228,
Poland,POL,1973,33357200,70.6634146341463,2.47524752475226,
Poland,POL,1974,33678899,71.1170731707317,7.05314009565234,
Poland,POL,1975,34015199,70.5609756097561,2.25631768955094,
Poland,POL,1976,34356300,70.6560975609756,4.41306266552889,
Poland,POL,1977,34689050,70.4024390243902,4.90278951821563,
Poland,POL,1978,34965600,70.3512195121951,8.10126582278465,
Poland,POL,1979,35247217,70.7512195121951,7.0257611241218,
Poland,POL,1980,35574150,70.0975609756098,9.68271334792132,
Poland,POL,1981,35898587,71.0512195121951,19.1271820448877,
Poland,POL,1982,36230481,71.1024390243903,103.55871886121,
Poland,POL,1983,36571808,71.0,25.534759358289,
Poland,POL,1984,36904134,70.8,15.4009994265582,
Poland,POL,1985,37201885,70.5487804878049,11.5212607368496,
Poland,POL,1986,37456119,70.8487804878049,16.5499681731381,
Poland,POL,1987,37668045,70.8975609756098,26.3790278536324,
Poland,POL,1988,37824487,71.3317073170732,58.7208297320653,
Poland,POL,1989,37961529,71.0439024390244,244.550932984826,
Poland,POL,1990,38110782,70.890243902439,567.878800666191,1731.2095094382
Poland,POL,1991,38246193,70.5878048780488,76.7694992087347,2235.54108862522
Poland,POL,1992,38363667,71.090243902439,46.0985621037431,2459.02068468253
Poland,POL,1993,38461408,71.5951219512195,36.9641666120718,2497.13055936127
Poland,POL,1994,38542652,71.6951219512195,32.9912766093523,2874.83163555069
Poland,POL,1995,38594998,71.8926829268293,27.951388563304,3700.95956775144
Poland,POL,1996,38624370,72.2463414634146,19.7949669196707,4163.51195431959
Poland,POL,1997,38649660,72.6463414634146,14.91315861496,4137.00831823145
Poland,POL,1998,38663481,72.9975609756098,11.5978554257236,4533.5356551781
Poland,POL,1999,38660271,73.0439024390244,7.15407291179853,4415.50067547826
Poland,POL,2000,38258629,73.7487804878049,9.90017538843065,4520.64100449111
Poland,POL,2001,38248076,74.2,5.4083354556615,5015.23790036613
Poland,POL,2002,38230364,74.4975609756098,1.90528215048054,5223.45178967082
Poland,POL,2003,38204570,74.5975609756098,0.682701375787632,5720.81366178104
Poland,POL,2004,38182222,74.8463414634146,3.38264681884699,6711.72715262967
Poland,POL,2005,38165445,74.9951219512195,2.18379872390251,8043.92332253757
Poland,POL,2006,38141267,75.1439024390244,1.28469394366416,9068.85528307627
Poland,POL,2007,38120560,75.2439024390244,2.4587431238539,11272.5293683383
Poland,POL,2008,38125759,75.5439024390244,4.16497193524779,14048.5604672654
Poland,POL,2009,38151603,75.6951219512195,3.79539242483399,11556.3026866026
Poland,POL,2010,38042794,76.2463414634146,2.58069370250548,12567.7317676382
Poland,POL,2011,38063255,76.6951219512195,4.23940149625932,13867.6669408192
Poland,POL,2012,38063164,76.7463414634146,3.56037151702793,13087.420943321
Poland,POL,2013,38040196,77.0,0.991982606332335,13621.9023794031
Poland,POL,2014,38011735,77.6024390243903,0.0538213132399802,14262.2841914116
Poland,POL,2015,37986412,77.4512195121951,-0.874125874125862,12637.5220324406
Poland,POL,2016,37970087,77.8512195121951,-0.664767331433962,12464.0110508476
Poland,POL,2017,37974826,77.7536585365854,2.07593553673859,13913.3402919927
Poland,POL,2018,37974750,77.6024390243903,1.81295156542689,15658.2120316794
Poland,POL,2019,37965475,77.9048780487805,2.22747880938291,15874.5220531254
Poland,POL,2020,37515748,76.4,3.37446972618589,16150.9304813473
Poland,POL,2021,36981559,75.3512195121951,5.05502704719272,18635.5104895754
Poland,POL,2022,36821749,77.1560975609756,14.4294507575758,18891.2121169279
Poland,POL,2023,36687353,78.2585365853659,11.5289127961105,22145.2660647429
Poland,POL,2024,36559233,78.409756097561,3.79060897630197,25103.565661423
Portugal,PRT,1960,8857716,64.0074634146342,3.046592778327,376.976430250874
Portugal,PRT,1961,8929316,62.666512195122,1.54899696989872,400.223162057827
Portugal,PRT,1962,8993985,64.1810243902439,2.66206417934763,426.49433629823
Portugal,PRT,1963,9030355,64.7883902439024,2.02158272759789,452.280291618213
Portugal,PRT,1964,9035365,64.9833902439024,3.44489848222768,490.207385856289
Portugal,PRT,1965,8998595,65.9604634146341,3.42492777745566,544.71961987576
Portugal,PRT,1966,8930990,65.4876585365854,5.03926721858183,601.289222261876
Portugal,PRT,1967,8874520,66.3340731707317,5.52647600753092,676.386669887118
Portugal,PRT,1968,8836650,66.6781951219512,6.08136171148615,751.947085624465
Portugal,PRT,1969,8757705,66.2781707317073,8.7827710555412,832.130682107245
Portugal,PRT,1970,8680431,67.0731707317073,6.38014449001673,934.082156096117
Portugal,PRT,1971,8643756,66.7707317073171,11.9468983654056,1064.53771257341
Portugal,PRT,1972,8630430,68.3243902439024,10.6633559759477,1302.2662677393
Portugal,PRT,1973,8633100,67.5243902439024,12.9746085239333,1747.98904060266
Portugal,PRT,1974,8754365,68.019512195122,25.0827778589527,2000.41824574682
Portugal,PRT,1975,9093470,68.309756097561,15.2716857518483,2127.6375072593
Portugal,PRT,1976,9355810,68.8609756097561,21.1419048031955,2173.28393425975
Portugal,PRT,1977,9455675,70.0121951219512,31.0167490988807,2267.37100319478
Portugal,PRT,1978,9558250,70.3170731707317,21.0387723599382,2457.31321644599
Portugal,PRT,1979,9661265,71.1682926829268,21.8992248062015,2755.6246177008
Portugal,PRT,1980,9766312,71.2146341463415,15.8674803836094,3368.36666940279
Portugal,PRT,1981,9851362,71.6146341463415,19.0404107466915,3245.97521367748
Portugal,PRT,1982,9911771,72.4146341463415,21.6792837277095,3079.94956634271
Portugal,PRT,1983,9957865,72.2658536585366,24.0027623802917,2735.49106580047
Portugal,PRT,1984,9996232,72.5146341463415,28.3846388897103,2522.74747620658
Portugal,PRT,1985,10023613,72.8146341463415,19.4614100078696,2705.19300197317
Portugal,PRT,1986,10032734,73.2658536585366,12.3313334897219,3861.9484333688
Portugal,PRT,1987,10030031,73.6658536585366,9.63483186245753,4803.86609546941
Portugal,PRT,1988,10019610,73.7146341463415,10.1016321152266,5623.69699982123
Portugal,PRT,1989,10005000,74.2658536585366,12.6863036456149,6056.38102771889
Portugal,PRT,1990,9983218,73.9658536585366,13.6305705693074,7884.61798756332
Portugal,PRT,1991,9960235,74.0146341463415,11.8494841773675,8958.9853330247
Portugal,PRT,1992,9952494,74.3121951219512,9.55926033177508,10810.5665079626
Portugal,PRT,1993,9964675,74.5121951219512,6.78377994665407,9534.6563637308
Portugal,PRT,1994,9991525,74.9146341463415,5.42044019241626,9977.31990905771
Portugal,PRT,1995,10026176,75.3121951219512,4.22281614099486,11781.3618502221
Portugal,PRT,1996,10063945,75.2609756097561,3.06897732509789,12185.0914010629
Portugal,PRT,1997,10108977,75.4121951219512,2.33686298314116,11575.5071124358
Portugal,PRT,1998,10160196,75.7121951219512,2.5727522590913,12199.206385024
Portugal,PRT,1999,10217828,75.9634146341463,2.34009490312169,12475.2917701476
Portugal,PRT,2000,10289898,76.3146341463415,2.85303039287157,11526.3720667968
Portugal,PRT,2001,10362722,76.8146341463415,4.36990330551793,11734.7649743954
Portugal,PRT,2002,10419631,77.0658536585366,3.60034658290914,12936.6928204482
Portugal,PRT,2003,10458821,77.219512195122,3.21899090682895,15797.7821340276
Portugal,PRT,2004,10483861,77.6707317073171,2.36536204097302,18064.1580932987
Portugal,PRT,2005,10503330,78.0707317073171,2.27716394887834,18780.12751241
Portugal,PRT,2006,10522288,78.419512195122,3.1076654587105,19839.4540499032
Portugal,PRT,2007,10542964,78.3219512195122,2.45396528138743,22811.0564844365
Portugal,PRT,2008,10558177,78.5243902439025,2.58850657657959,24949.0413566739
Portugal,PRT,2009,10568247,78.7268292682927,-0.835530021504157,23151.2154130712
Portugal,PRT,2010,10573100,79.0268292682927,1.40257289895369,22551.935098809
Portugal,PRT,2011,10557560,80.4707317073171,3.65301100430724,23246.5425416481
Portugal,PRT,2012,10514844,80.3731707317073,2.77333854051586,20593.4274224109
Portugal,PRT,2013,10457295,80.7219512195122,0.274416666666663,21676.4859642714
Portugal,PRT,2014,10401062,81.1219512195122,-0.278153367467428,22120.6850127107
Portugal,PRT,2015,10358076,81.1243902439025,0.48793862390472,19215.7813014347
Portugal,PRT,2016,10325452,81.1243902439025,0.607397074641719,19980.2808866516
Portugal,PRT,2017,10300300,81.4243902439025,1.36861411643472,21442.3842768879
Portugal,PRT,2018,10283822,81.3243902439024,0.993715683468326,23541.1401075289
Portugal,PRT,2019,10286263,81.6756097560976,0.338178410046034,23343.3628970034
Portugal,PRT,2020,10297081,81.3292682926829,-0.0124383299575305,22299.4044062173
Portugal,PRT,2021,10361831,81.3780487804878,1.26565719069044,24711.4510062111
Portugal,PRT,2022,10434332,81.6317073170732,7.83269124233323,24620.5197587181
Portugal,PRT,2023,10578174,82.3292682926829,4.31128191898672,27634.6183139773
Portugal,PRT,2024,10694681,82.3829268292683,2.41613187791884,29292.242104753
Romania,ROU,1960,18406905,65.8605365853659,,
Romania,ROU,1961,18555250,65.8771463414634,,
Romania,ROU,1962,18676550,65.2556585365854,,
Romania,ROU,1963,18797850,67.0717073170732,,
Romania,ROU,1964,18919126,67.8451219512195,,
Romania,ROU,1965,19031576,67.7072682926829,,
Romania,ROU,1966,19215450,68.8976585365854,,
Romania,ROU,1967,19534242,67.5159512195122,,
Romania,ROU,1968,19799831,67.5603658536585,,
Romania,ROU,1969,20009141,66.6920731707317,,
Romania,ROU,1970,20250398,67.4824146341464,,
Romania,ROU,1971,20461567,68.5041463414634,,
Romania,ROU,1972,20657957,68.470243902439,,
Romania,ROU,1973,20835681,69.0056097560976,,
Romania,ROU,1974,21029429,69.499756097561,,
Romania,ROU,1975,21293583,69.6139024390244,,
Romania,ROU,1976,21551634,69.6987804878049,,
Romania,ROU,1977,21756096,69.7419512195122,,
Romania,ROU,1978,21951464,69.4804878048781,,
Romania,ROU,1979,22090488,69.1531707317073,,
Romania,ROU,1980,22207282,69.0909756097561,,
Romania,ROU,1981,22353070,69.3682926829268,,
Romania,ROU,1982,22475741,69.5317073170732,,
Romania,ROU,1983,22560478,69.7263414634147,,
Romania,ROU,1984,22640547,69.6587804878049,,
Romania,ROU,1985,22732999,69.7068292682927,,
Romania,ROU,1986,22836841,69.4963414634146,,
Romania,ROU,1987,22949430,69.2268292682927,,1658.75873899995
Romania,ROU,1988,23057662,69.3880487804878,,1753.19285632198
Romania,ROU,1989,23161458,69.5307317073171,,1789.64455528113
Romania,ROU,1990,23201835,69.7412195121951,,1648.48522974542
Romania,ROU,1991,23001155,69.7843902439024,230.622494900178,1254.3124421298
Romania,ROU,1992,22794284,69.7843902439024,211.205587610082,1102.10378473246
Romania,ROU,1993,22763280,69.5634146341464,255.166861826698,1158.05632799712
Romania,ROU,1994,22730211,69.509756097561,136.759392815441,1323.03237766927
Romania,ROU,1995,22684270,69.4560975609756,32.2424847257597,1650.04922365201
Romania,ROU,1996,22619004,69.1048780487805,38.8293013382852,1633.01064354117
Romania,ROU,1997,22553978,69.0048780487805,154.763480436309,1577.33656023974
Romania,ROU,1998,22507344,69.8073170731708,59.0965827541167,1852.5549693339
Romania,ROU,1999,22472040,70.5121951219512,45.8037811326363,1599.90622808339
Romania,ROU,2000,22442971,71.1634146341463,45.6665940440238,1659.92904910528
Romania,ROU,2001,22131970,71.1609756097561,34.4770123493527,1825.19299373184
Romania,ROU,2002,21730496,71.009756097561,22.5398862605386,2119.85509684554
Romania,ROU,2003,21574326,71.309756097561,15.2734889936255,2679.40626016154
Romania,ROU,2004,21451748,71.5609756097561,11.8743635936399,3494.99056448955
Romania,ROU,2005,21319685,71.9121951219512,9.01491283343835,4618.00350802913
Romania,ROU,2006,21193760,72.1634146341463,6.55851412276983,5757.53127301178
Romania,ROU,2007,20882982,72.5658536585366,4.83732928313989,8360.33775916596
Romania,ROU,2008,20537875,72.5658536585366,7.85080255714482,10435.1561230787
Romania,ROU,2009,20367487,73.309756097561,5.58742004264393,8548.4543409242
Romania,ROU,2010,20246871,73.4585365853659,6.09141668601891,8399.5374234284
Romania,ROU,2011,20147528,74.409756097561,5.7892532881588,9560.6755277458
Romania,ROU,2012,20058035,74.4121951219512,3.33492267693442,8929.95366231474
Romania,ROU,2013,19983693,75.0634146341463,3.9847123554813,9497.67411615237
Romania,ROU,2014,19908979,74.909756097561,1.06830987684298,10031.7710755404
Romania,ROU,2015,19815616,74.9121951219512,-0.594156437495203,8977.01748158196
Romania,ROU,2016,19702267,75.209756097561,-1.54479666813897,9404.54005870715
Romania,ROU,2017,19588715,75.209756097561,1.3390212110439,10727.9822007426
Romania,ROU,2018,19473970,75.3585365853659,4.62548443137779,12416.134317959
Romania,ROU,2019,19371648,75.6073170731707,3.82785432599438,12909.6104013244
Romania,ROU,2020,19265250,74.2536585365854,2.63107311184743,13009.1770573223
Romania,ROU,2021,19122059,72.809756097561,5.05232876096582,14907.9803652143
Romania,ROU,2022,19048502,75.1536585365854,13.7954887432521,15503.551804598
Romania,ROU,2023,19061062,76.4048780487805,10.3971874764996,18244.4186876321
Romania,ROU,2024,19051804,76.4585365853659,5.72140574354439,20080.2096215595
Sweden,SWE,1960,7484656,73.0056097560976,4.14177915090215,2128.36441205712
Sweden,SWE,1961,7519998,73.4743902439024,2.15797310981961,2304.47143531351
Sweden,SWE,1962,7561588,73.3504878048781,4.76619721905826,2485.46561781218
Sweden,SWE,1963,7604328,73.5553658536585,2.87174034485767,2675.07291656901
Sweden,SWE,1964,7661354,73.7331707317073,3.38766231088349,2961.02884624727
Sweden,SWE,1965,7733853,73.8617073170732,5.01277129643838,3227.87974049912
Sweden,SWE,1966,7807797,74.0785365853659,6.40480825348423,3477.89737890027
Sweden,SWE,1967,7867931,74.1224390243903,4.28931922993319,3746.2048797826
Sweden,SWE,1968,7912273,73.9729268292683,1.94312582473228,3953.08297234501
Sweden,SWE,1969,7968072,74.0848780487805,2.69199458555708,4262.92603293035
Sweden,SWE,1970,8042801,74.6492682926829,7.01635885100763,4729.35071602705
Sweden,SWE,1971,8098334,74.6239024390244,7.39554113837643,5125.27034757101
Sweden,SWE,1972,8122300,74.7180487804878,6.00738969862494,6018.39052977191
Sweden,SWE,1973,8136312,74.8673170731707,6.71799739819354,7290.6303239401
Sweden,SWE,1974,8159955,74.9804878048781,9.91172530113231,8078.18604272449
Sweden,SWE,1975,8192437,74.9846341463415,9.77987398822576,10102.6388909372
Sweden,SWE,1976,8222286,74.9692682926829,10.2492246529784,10852.5192441428
Sweden,SWE,1977,8251540,75.379756097561,11.4418051091076,11432.0214920218
Sweden,SWE,1978,8275599,75.4690243902439,9.99526541717736,12602.2217238449
Sweden,SWE,1979,8293678,75.5241463414634,7.20978617047804,14855.5957561141
Sweden,SWE,1980,8310531,75.7409756097561,13.7063223649005,17073.0446711494
Sweden,SWE,1981,8320503,76.0260975609756,12.1039385302599,15563.8332773497
Sweden,SWE,1982,8325263,76.3273170731707,8.58918509047119,13719.0538964279
Sweden,SWE,1983,8329033,76.5517073170732,8.8730215236321,12589.950077442
Sweden,SWE,1984,8336605,76.8158536585366,8.04424238994429,13080.0302290066
Sweden,SWE,1985,8350386,76.6678048780488,7.37257458126243,13647.0439039697
Sweden,SWE,1986,8369829,76.9312195121951,4.23591011089791,17954.9510185679
Sweden,SWE,1987,8397804,77.0921951219512,4.18857151771368,21760.9646490625
Sweden,SWE,1988,8436489,76.9792682926829,5.8248986843944,24499.1240758517
Sweden,SWE,1989,8492964,77.7268292682927,6.44327587426603,25625.0162127747
Sweden,SWE,1990,8558835,77.5368292682927,10.3665533879493,30549.3185706762
Sweden,SWE,1991,8617375,77.6668292682927,9.44462732944189,31776.6680192213
Sweden,SWE,1992,8668067,77.9987804878049,2.37436725111881,32753.4287003642
Sweden,SWE,1993,8718561,78.0604878048781,4.72817304626049,24389.8738124128
Sweden,SWE,1994,8780745,78.650243902439,2.15813800724629,26045.5196995275
Sweden,SWE,1995,8826939,78.7404878048781,2.455148578184,30254.0273028727
Sweden,SWE,1996,8840998,78.9590243902439,0.533131978766238,33022.2444768661
Sweden,SWE,1997,8846062,79.1975609756098,0.658410256243526,30324.1845796306
Sweden,SWE,1998,8850974,79.3390243902439,-0.267132668354971,30605.3669074811
Sweden,SWE,1999,8857874,79.4414634146342,0.462175756339138,30968.8710702052
Sweden,SWE,2000,8872109,79.6439024390244,0.899143734041715,29632.5890811623
Sweden,SWE,2001,8895960,79.7951219512195,2.40595834145436,27259.3174300217
Sweden,SWE,2002,8924958,79.8463414634146,2.15848213589266,29957.7776664916
Sweden,SWE,2003,8958229,80.0951219512195,1.92565534892383,37292.2419727801
Sweden,SWE,2004,8993531,80.4975609756098,0.373659828721824,42758.0048564929
Sweden,SWE,2005,9029572,80.5463414634146,0.453170852576138,43378.4077394363
Sweden,SWE,2006,9080505,80.7487804878049,1.36021468627693,46531.3762240485
Sweden,SWE,2007,9148092,80.9,2.21216883436733,53568.3057787832
Sweden,SWE,2008,9219637,81.1,3.43704910602875,55817.1759726485
Sweden,SWE,2009,9298515,81.3512195121951,-0.494460544378051,46707.6425044751
Sweden,SWE,2010,9378126,81.4512195121951,1.15798802715626,52542.5759090299
Sweden,SWE,2011,9449213,81.8024390243903,2.9611507382214,60379.4814599322
Sweden,SWE,2012,9519374,81.7048780487805,0.888377506923735,57749.5615420853
Sweden,SWE,2013,9600379,81.9560975609756,-0.044292970148682,60843.9888799369
Sweden,SWE,2014,9696110,82.2536585365854,-0.179638494114635,59583.4584491714
Sweden,SWE,2015,9799186,82.2048780487805,-0.0467847449832812,51188.1652120493
Sweden,SWE,2016,9923085,82.3073170731707,0.984269244577992,51703.5088332851
Sweden,SWE,2017,10057698,82.409756097561,1.79449904665599,53210.2233318965
Sweden,SWE,2018,10175214,82.5585365853659,1.95353530127028,54018.4554391861
Sweden,SWE,2019,10278887,83.109756097561,1.78415097403835,51648.9892820514
Sweden,SWE,2020,10353442,82.3560975609756,0.497367318853572,52568.5726980146
Sweden,SWE,2021,10415811,83.0560975609756,2.16319736447143,60647.5416365347
Sweden,SWE,2022,10486941,83.0585365853659,8.36929098869189,54836.8907235124
Sweden,SWE,2023,10536632,83.309756097561,8.5486248974891,54950.2834725622
Sweden,SWE,2024,10569709,84.0634146341463,2.83581658224034,57117.4877440616
