ID_Number,mpg,cylinders,displacement,horsepower,weight,acceleration,name
  0,-0.705720, 1.495535, 1.088435, 0.674700, 0.630274,-1.294604,chevrolet chevelle malibu
  1,-1.089551, 1.495535, 1.500913, 1.588439, 0.853457,-1.476652,buick skylark 320
  2,-0.705720, 1.495535, 1.193953, 1.196836, 0.549975,-1.658700,plymouth satellite
  3,-0.961608, 1.495535, 1.059658, 1.196836, 0.546432,-1.294604,amc rebel sst
  4,-0.833664, 1.495535, 1.040473, 0.935768, 0.565326,-1.840747,ford torino
  5,-1.089551, 1.495535, 2.258721, 2.449963, 1.618659,-2.022795,ford galaxie 500
  6,-1.217495, 1.495535, 2.498534, 3.024313, 1.634010,-2.386891,chevrolet impala
  7,-1.217495, 1.495535, 2.364239, 2.893779, 1.584414,-2.568939,plymouth fury iii
  8,-1.217495, 1.495535, 2.508126, 3.154847, 1.717852,-2.022795,pontiac catalina
  9,-1.089551, 1.495535, 1.884613, 2.241109, 1.038853,-2.568939,amc ambassador dpl
 10,-1.089551, 1.495535, 1.817466, 1.718973, 0.699945,-2.022795,dodge challenger se
 11,-1.217495, 1.495535, 1.404988, 1.457904, 0.754265,-2.750987,plymouth 'cuda 340
 12,-1.089551, 1.495535, 1.980538, 1.196836, 0.933756,-2.204843,chevrolet monte carlo
 13,-1.217495, 1.495535, 2.508126, 3.154847, 0.136671,-2.022795,buick estate wagon (sw)
 14, 0.061941,-0.858191,-0.772511,-0.239038,-0.706468,-0.202316,toyota corona mark ii
 15,-0.193946, 0.318672, 0.042852,-0.239038,-0.162088,-0.020268,plymouth duster
 16,-0.705720, 0.318672, 0.052445,-0.186825,-0.231759,-0.020268,amc hornet
 17,-0.321889, 0.318672, 0.062037,-0.500107,-0.452581, 0.161780,ford maverick
 18, 0.445772,-0.858191,-0.925991,-0.421786,-0.992237,-0.384364,datsun pl510
 19, 0.317829,-0.858191,-0.925991,-1.518272,-1.340593, 1.800211,volkswagen 1131 deluxe sedan
 20, 0.189885,-0.858191,-0.801288,-0.447893,-0.352208, 0.707923,peugeot 504
 21, 0.061941,-0.858191,-0.830066,-0.369573,-0.637977,-0.384364,audi 100 ls
 22, 0.189885,-0.858191,-0.858843,-0.239038,-0.702925, 0.707923,saab 99e
 23, 0.317829,-0.858191,-0.695771, 0.230884,-0.869427,-1.112556,bmw 2002
 24,-0.321889, 0.318672, 0.052445,-0.369573,-0.380548,-0.202316,amc gremlin
 25,-1.729269, 1.495535, 1.596838, 2.893779, 1.942217,-0.566412,ford f250
 26,-1.729269, 1.495535, 1.088435, 2.502177, 1.659989,-0.202316,chevy c20
 27,-1.601326, 1.495535, 1.193953, 2.763245, 1.667075,-0.748460,dodge d200
 28,-1.857213, 1.495535, 1.059658, 2.319429, 2.080378, 1.072019,hi 1200d
 29, 0.445772,-0.858191,-0.925991,-0.421786,-0.992237,-0.384364,datsun pl510
 30, 0.573716,-0.858191,-0.513513,-0.369573,-0.834001,-0.020268,chevrolet vega 2300
 31, 0.189885,-0.858191,-0.772511,-0.239038,-0.876513,-0.566412,toyota corona
 32, 0.189885,-0.858191,-0.916398,-0.369573,-1.091430, 1.254067,ford pinto
 33,-0.577777, 0.318672, 0.368997,-0.108504,-0.397081,-0.930508,amc gremlin
 34,-0.961608, 0.318672, 0.301850, 0.022030, 0.553517,-0.020268,plymouth satellite custom
 35,-0.833664, 0.318672, 0.541663,-0.108504, 0.423622,-0.020268,chevrolet chevelle malibu
 36,-0.577777, 0.318672, 0.541663,-0.421786, 0.391738,-0.020268,ford torino 500
 37,-0.705720, 0.318672, 0.368997,-0.108504, 0.375206,-0.020268,amc matador
 38,-1.217495, 1.495535, 1.500913, 1.588439, 1.462785,-1.294604,chevrolet impala
 39,-1.217495, 1.495535, 1.980538, 1.849507, 1.763906,-1.476652,pontiac catalina brougham
 40,-1.217495, 1.495535, 1.510506, 1.275157, 1.397837,-0.748460,ford galaxie 500
 41,-1.217495, 1.495535, 1.193953, 1.196836, 1.329347,-0.930508,plymouth fury iii
 42,-1.473382, 1.495535, 1.817466, 1.980041, 2.343711,-1.476652,dodge monaco (sw)
 43,-1.345439, 1.495535, 1.980538, 1.718973, 2.096910,-1.294604,ford country squire (sw)
 44,-1.345439, 1.495535, 1.980538, 1.849507, 2.562172,-1.294604,pontiac safari (sw)
 45,-0.705720, 0.318672, 0.618403, 0.152564,-0.009756,-0.748460,amc hornet sportabout (sw)
 46,-0.193946,-0.858191,-0.513513,-0.839495,-0.663956, 1.254067,chevrolet vega (sw)
 47,-0.577777, 0.318672, 0.541663,-0.108504, 0.368121,-0.202316,pontiac firebird
 48,-0.705720, 0.318672, 0.541663,-0.421786, 0.199257,-0.384364,ford mustang
 49,-0.066002,-0.858191,-0.686178,-0.474000,-0.885959,-0.566412,mercury capri 2000
 50, 0.573716,-0.858191,-0.743733,-0.369573,-1.000504,-0.566412,opel 1900
 51, 0.829603,-0.858191,-1.098656,-0.891709,-1.058366, 1.436115,peugeot 304
 52, 0.829603,-0.858191,-1.012324,-0.735068,-1.068994,-0.384364,fiat 124b
 53, 0.957547,-0.858191,-1.175396,-1.022243,-1.413807, 1.254067,toyota corolla 1200
 54, 1.469322,-0.858191,-1.165804,-0.917816,-1.602746, 0.889971,datsun 1200
 55, 0.445772,-0.858191,-0.925991,-1.152777,-1.341774, 1.254067,volkswagen model 111
 56, 0.317829,-0.858191,-0.983546,-0.891709,-1.198889, 1.800211,plymouth cricket
 57, 0.061941,-0.858191,-0.772511,-0.239038,-0.817469,-0.020268,toyota corona hardtop
 58, 0.189885,-0.858191,-0.921195,-0.630641,-0.996961, 0.525875,dodge colt hardtop
 59,-0.066002,-0.858191,-0.925991,-1.309418,-0.845810, 2.892498,volkswagen type 3
 60,-0.449833,-0.858191,-0.513513,-0.369573,-0.663956, 1.436115,chevrolet vega
 61,-0.321889,-0.858191,-0.686178,-0.474000,-0.878874, 0.343828,ford pinto runabout
 62,-1.345439, 1.495535, 1.500913, 1.588439, 1.539541,-1.294604,chevrolet impala
 63,-1.217495, 1.495535, 1.980538, 1.849507, 1.670617,-1.294604,pontiac catalina
 64,-1.089551, 1.495535, 1.193953, 1.196836, 1.375400,-0.748460,plymouth fury iii
 65,-1.217495, 1.495535, 1.510506, 1.275157, 1.368315,-0.930508,ford galaxie 500
 66,-0.833664, 1.495535, 1.059658, 1.196836, 0.828659,-1.476652,amc ambassador sst
 67,-1.601326, 1.495535, 2.258721, 2.711032, 1.963472,-1.658700,mercury marquis
 68,-1.345439, 1.495535, 1.500913, 1.327370, 1.808779,-0.748460,buick lesabre custom
 69,-1.473382, 1.495535, 1.500913, 1.457904, 1.754459,-0.748460,oldsmobile delta 88 royale
 70,-1.345439, 1.495535, 1.980538, 2.241109, 1.714309,-1.112556,chrysler newport royal
 71,-0.577777,-1.446623,-1.184989,-0.186825,-0.756064,-0.748460,mazda rx2 coupe
 72,-1.089551, 1.495535, 1.059658, 1.196836, 1.088450,-1.112556,amc matador (sw)
 73,-1.345439, 1.495535, 1.088435, 0.674700, 1.331708,-0.566412,chevrolet chevelle concours (sw)
 74,-1.345439, 1.495535, 1.040473, 0.935768, 1.563158, 0.161780,ford gran torino (sw)
 75,-1.217495, 1.495535, 1.193953, 1.196836, 1.306910,-0.566412,plymouth satellite custom (sw)
 76,-0.705720,-0.858191,-0.695771, 0.204777,-0.044001,-0.384364,volvo 145e (sw)
 77,-0.193946,-0.858191,-0.695771,-0.735068,-0.542327, 0.889971,volkswagen 411 (sw)
 78,-0.321889,-0.858191,-0.705363,-0.447893, 0.010318, 1.436115,peugeot 504 (sw)
 79, 0.317829,-0.858191,-0.935583,-0.917816,-0.922566, 0.889971,renault 12 (sw)
 80,-0.193946,-0.858191,-0.686178,-0.474000,-0.679308, 0.161780,ford pinto (sw)
 81, 0.573716,-0.858191,-0.925991,-0.317359,-0.805661, 0.525875,datsun 510 (sw)
 82,-0.066002,-0.858191,-0.705363,-0.186825,-0.548232,-0.384364,toyouta corona mark ii (sw)
 83, 0.573716,-0.858191,-0.916398,-0.630641,-0.952088,-0.202316,dodge colt (sw)
 84, 0.445772,-0.858191,-0.925991,-0.421786,-1.027663, 0.343828,toyota corolla 1600 (sw)
 85,-1.345439, 1.495535, 1.500913, 1.849507, 1.334070,-0.930508,buick century 350
 86,-1.217495, 1.495535, 1.059658, 1.196836, 0.828659,-1.476652,amc matador
 87,-1.345439, 1.495535, 1.500913, 1.066302, 1.201813,-0.930508,chevrolet malibu
 88,-1.217495, 1.495535, 1.040473, 0.857448, 1.265580,-0.384364,ford gran torino
 89,-1.089551, 1.495535, 1.193953, 1.196836, 0.952650,-1.112556,dodge coronet custom
 90,-1.473382, 1.495535, 2.258721, 2.449963, 2.340169,-1.476652,mercury marquis brougham
 91,-1.345439, 1.495535, 1.980538, 1.196836, 1.763906,-1.294604,chevrolet caprice classic
 92,-1.345439, 1.495535, 1.510506, 1.405691, 1.644638,-0.930508,ford ltd
 93,-1.217495, 1.495535, 1.193953, 1.196836, 1.495849,-0.384364,plymouth fury gran sedan
 94,-1.345439, 1.495535, 2.364239, 2.893779, 2.083921,-1.658700,chrysler new yorker brougham
 95,-1.473382, 1.495535, 2.508126, 3.154847, 2.338988,-1.658700,buick electra 225 custom
 96,-1.345439, 1.495535, 1.596838, 1.849507, 1.004608,-1.658700,amc ambassador brougham
 97,-0.705720, 0.318672, 0.301850, 0.022030, 0.178002, 0.343828,plymouth valiant
 98,-0.961608, 0.318672, 0.541663,-0.108504, 0.363398, 0.889971,chevrolet nova custom
 99,-0.705720, 0.318672, 0.368997,-0.108504,-0.029831, 0.161780,amc hornet
100,-0.705720, 0.318672, 0.541663,-0.421786, 0.059915, 0.343828,ford maverick
101,-0.066002, 0.318672, 0.042852,-0.239038,-0.078247, 0.161780,plymouth duster
102, 0.317829,-0.858191,-0.925991,-1.518272,-1.204793, 1.982259,volkswagen super beetle
103,-1.601326, 1.495535, 1.980538, 1.196836, 2.393308,-0.566412,chevrolet impala
104,-1.473382, 1.495535, 1.980538, 1.640652, 2.285849,-1.112556,ford country
105,-1.345439, 1.495535, 1.596838, 1.718973, 1.988270,-0.930508,plymouth custom suburb
106,-1.473382, 1.495535, 1.500913, 1.980041, 1.805236,-1.112556,oldsmobile vista cruiser
107,-0.705720, 0.318672, 0.368997,-0.108504,-0.214046,-0.202316,amc gremlin
108,-0.449833,-0.858191,-0.925991,-0.421786,-0.816288, 1.254067,toyota carina
109,-0.321889,-0.858191,-0.513513,-0.839495,-0.672223, 1.436115,chevrolet vega
110,-0.193946,-0.858191,-0.820473,-0.265145,-0.698202, 0.343828,datsun 610
111,-0.705720,-1.446623,-1.184989,-0.369573,-0.999323,-0.748460,maxda rx3
112,-0.577777,-0.858191,-0.686178,-0.500107,-0.779681, 1.072019,ford pinto
113,-0.321889, 0.318672,-0.369626, 0.074243,-0.588381,-0.566412,mercury capri v6
114, 0.317829,-0.858191,-0.916398,-0.369573,-0.832820,-0.020268,fiat 124 sport coupe
115,-1.089551, 1.495535, 1.500913, 1.066302, 1.312815,-0.930508,chevrolet monte carlo s
116,-0.961608, 1.495535, 1.980538, 3.285381, 1.544264,-2.204843,pontiac grand prix
117, 0.701660,-0.858191,-1.204174,-1.439952,-1.302805, 1.436115,fiat 128
118, 0.061941,-0.858191,-0.743733,-0.761175,-0.959173,-0.020268,opel manta
119,-0.449833,-0.858191,-0.762918,-0.343466,-0.458486,-0.566412,audi 100ls
120,-0.577777,-0.858191,-0.695771, 0.204777,-0.120758,-0.020268,volvo 144ea
121,-1.089551, 1.495535, 1.193953, 1.196836, 0.506283,-1.658700,dodge dart custom
122, 0.061941,-0.858191,-0.695771, 0.152564,-0.366378,-0.566412,saab 99le
123,-0.449833, 0.318672,-0.360033, 0.465846,-0.192791,-0.748460,toyota mark ii
124,-1.601326, 1.495535, 1.500913, 1.980041, 0.819212,-1.658700,oldsmobile omega
125,-0.449833, 0.318672, 0.042852,-0.239038, 0.155565, 0.343828,plymouth duster
126,-0.321889, 0.318672, 0.062037,-0.708961,-0.112492, 0.525875,ford maverick
127,-0.577777, 0.318672, 0.368997,-0.108504,-0.081789, 0.161780,amc hornet
128,-1.089551, 0.318672, 0.541663,-0.108504, 0.431888, 0.525875,chevrolet nova
129, 0.957547,-0.858191,-1.098656,-0.970029,-1.204793, 1.254067,datsun b210
130, 0.317829,-0.858191,-0.686178,-0.630641,-0.613179, 0.343828,ford pinto
131, 1.085491,-0.858191,-1.175396,-1.022243,-1.339412, 1.982259,toyota corolla 1200
132, 0.189885,-0.858191,-0.513513,-0.761175,-0.505720, 0.525875,chevrolet vega
133,-0.961608, 0.318672, 0.541663,-0.108504, 0.957374, 0.525875,chevrolet chevelle malibu classic
134,-0.961608, 0.318672, 0.618403, 0.152564, 0.781424, 0.889971,amc matador
135,-0.705720, 0.318672, 0.301850, 0.022030, 0.758988, 0.343828,plymouth satellite sebring
136,-0.961608, 1.495535, 1.040473, 0.935768, 1.382486,-0.566412,ford gran torino
137,-1.345439, 1.495535, 1.500913, 1.196836, 2.041409,-0.384364,buick century luxus (sw)
138,-1.217495, 1.495535, 1.193953, 1.196836, 1.755640,-0.748460,dodge coronet custom (sw)
139,-1.217495, 1.495535, 1.040473, 0.935768, 1.969376, 0.161780,ford gran torino (sw)
140,-1.217495, 1.495535, 1.059658, 1.196836, 1.519466,-0.020268,amc matador (sw)
141, 0.701660,-0.858191,-0.916398,-0.552320,-0.887140, 0.343828,audi fox
142, 0.317829,-0.858191,-1.098656,-0.970029,-1.189442,-0.020268,volkswagen dasher
143, 0.317829,-0.858191,-0.925991,-0.682854,-0.791490,-0.384364,opel manta
144, 0.957547,-0.858191,-1.127434,-1.361631,-1.560234, 0.343828,toyota corona
145, 1.085491,-0.858191,-1.060286,-1.126670,-1.142208, 1.254067,datsun 710
146, 0.573716,-0.858191,-0.993139,-0.761175,-0.998142,-0.384364,dodge colt
147, 0.061941,-0.858191,-0.993139,-0.761175,-1.018217,-0.020268,fiat 128
148, 0.317829,-0.858191,-0.743733,-0.761175,-0.855257,-0.566412,fiat 124 tc
149, 0.061941,-0.858191,-0.705363,-0.186825,-0.568306,-0.202316,honda civic
150, 0.317829,-0.858191,-0.820473,-0.291252,-0.684031,-0.020268,subaru
151, 0.957547,-0.858191,-1.098656,-0.970029,-1.145750, 0.161780,fiat x1.9
152,-0.577777, 0.318672, 0.301850,-0.239038, 0.346865, 0.161780,plymouth valiant custom
153,-0.705720, 0.318672, 0.541663, 0.022030, 0.577135, 0.161780,chevrolet nova
154,-1.089551, 0.318672, 0.541663,-0.839495, 0.545251, 1.982259,mercury monarch
155,-1.089551, 0.318672, 0.541663,-0.839495, 0.221694, 1.436115,ford maverick
156,-0.961608, 1.495535, 1.980538, 1.718973, 2.004802,-1.476652,pontiac catalina
157,-1.089551, 1.495535, 1.500913, 1.066302, 1.735565,-0.566412,chevrolet bel air
158,-0.961608, 1.495535, 1.193953, 1.196836, 1.804055,-0.384364,plymouth grand fury
159,-1.217495, 1.495535, 1.510506, 1.144623, 1.991813,-0.748460,ford ltd
160,-0.833664, 0.318672, 0.359405, 0.152564, 1.106163, 1.982259,buick century
161,-0.961608, 0.318672, 0.541663, 0.022030, 1.094354, 1.072019,chevroelt chevelle malibu
162,-1.089551, 0.318672, 0.618403, 0.152564, 0.897149, 1.254067,amc matador
163,-0.705720, 0.318672, 0.301850,-0.239038, 0.962097, 1.254067,plymouth fury
164,-0.321889, 0.318672, 0.359405, 0.152564, 0.081170,-0.202316,buick skyhawk
165,-0.449833, 1.495535, 0.656773, 0.152564, 0.296088,-0.748460,chevrolet monza 2+2
166,-1.345439, 1.495535, 1.040473, 0.648593, 0.234683,-1.294604,ford mustang ii
167, 0.701660,-0.858191,-0.925991,-0.761175,-0.943822, 0.161780,toyota corolla
168,-0.066002,-0.858191,-0.513513,-0.552320,-0.391176, 0.525875,ford pinto
169,-0.449833, 0.318672, 0.368997,-0.108504,-0.066438, 0.161780,amc gremlin
170,-0.066002,-0.858191,-0.513513,-0.682854,-0.446677, 1.072019,pontiac astro
171, 0.061941,-0.858191,-0.571068,-0.212932,-0.316782,-0.748460,toyota corona
172, 0.189885,-0.858191,-0.993139,-0.865602,-0.882417, 0.343828,volkswagen dasher
173, 0.061941,-0.858191,-0.714956,-0.186825,-0.502178, 0.525875,datsun 710
174,-0.705720, 0.318672,-0.216146,-0.186825, 0.016223,-0.384364,ford pinto
175, 0.701660,-0.858191,-0.993139,-0.891709,-1.220145,-0.566412,volkswagen rabbit
176,-0.577777, 0.318672, 0.368997,-0.369573, 0.284280, 0.525875,amc pacer
177,-0.066002,-0.858191,-0.753326,-0.239038,-0.326229,-0.202316,audi 100ls
178,-0.066002,-0.858191,-0.705363,-0.421786,-0.015661, 0.525875,peugeot 504
179,-0.193946,-0.858191,-0.695771,-0.160718,-0.029831,-0.384364,volvo 244dl
180, 0.189885,-0.858191,-0.695771, 0.283098,-0.353389,-0.748460,saab 99le
181, 1.213434,-0.858191,-0.983546,-1.335525,-1.387828, 0.707923,honda civic cvcc
182, 0.573716,-0.858191,-0.830066,-0.474000,-0.597828,-0.020268,fiat 131
183, 0.189885,-0.858191,-0.743733,-0.604534,-0.885959, 0.489466,opel 1900
184, 0.189885,-0.858191,-0.513513,-0.317359,-0.470294,-0.238726,capri ii
185, 0.317829,-0.858191,-0.916398,-0.656747,-0.844629, 0.780743,dodge colt
186, 0.445772,-0.858191,-0.887621,-0.552320,-0.907215,-0.093087,renault 12tl
187,-0.769692, 1.495535, 1.069250, 0.935768, 1.469870,-0.930508,chevrolet chevelle malibu classic
188,-0.961608, 1.495535, 1.193953, 1.196836, 1.440348,-0.930508,dodge coronet brougham
189,-1.025579, 1.495535, 1.059658, 0.413632, 1.171111,-0.602822,amc matador
190,-1.153523, 1.495535, 1.510506, 1.249050, 1.469870,-1.003327,ford gran torino
191,-0.193946, 0.318672, 0.301850,-0.108504, 0.310259,-0.056678,plymouth valiant
192,-0.193946, 0.318672, 0.541663, 0.022030, 0.451963,-0.384364,chevrolet nova
193, 0.061941, 0.318672, 0.062037,-0.604534, 0.049287, 0.744333,ford maverick
194,-0.129974, 0.318672, 0.368997,-0.369573, 0.135490, 0.744333,amc hornet
195, 0.701660,-0.858191,-1.041101,-1.361631,-1.104420, 2.419174,chevrolet chevette
196, 0.125913,-0.858191,-0.916398,-1.152777,-0.952088, 2.382764,chevrolet woody
197, 0.701660,-0.858191,-0.993139,-0.891709,-1.220145,-0.493593,vw rabbit
198, 1.213434,-0.858191,-0.983546,-1.335525,-1.387828, 0.671514,honda civic
199,-0.449833, 0.318672, 0.301850,-0.108504, 0.803861, 0.780743,dodge aspen se
200,-0.705720, 0.318672, 0.541663,-0.682854, 0.712934, 1.982259,ford granada ghia
201,-0.641749, 0.318672, 0.541663, 0.152564, 0.796776, 0.234599,pontiac ventura sj
202,-0.769692, 0.318672, 0.618403,-0.239038, 0.263024, 0.817152,amc pacer d/l
203, 0.765631,-0.858191,-0.925991,-0.865602,-1.352402,-1.221785,volkswagen rabbit
204, 1.085491,-0.858191,-1.041101,-0.891709,-1.157559, 0.525875,datsun b-210
205, 0.573716,-0.858191,-0.925991,-0.761175,-0.962716, 0.307418,toyota corolla
206, 0.381801,-0.858191,-0.513513,-0.839495,-0.478560,-0.712050,ford pinto
207,-0.449833,-0.858191,-0.609438,-0.056291, 0.212247, 0.052551,volvo 245
208,-1.345439, 1.495535, 1.193953, 1.196836, 1.145131,-0.857689,plymouth volare premier v8
209,-0.577777,-0.858191,-0.705363,-0.421786, 0.353951, 2.309945,peugeot 504
210,-0.577777, 0.318672,-0.360033, 0.100350,-0.047544,-0.020268,toyota mark ii
211,-0.897636, 0.318672,-0.244923, 0.413632, 1.003427, 0.416647,mercedes-benz 280s
212,-0.897636, 1.495535, 1.500913, 1.980041, 1.664713,-1.258194,cadillac seville
213,-1.345439, 1.495535, 1.500913, 1.066302, 1.280931,-1.294604,chevy c10
214,-1.345439, 1.495535, 1.040473, 0.674700, 1.062471,-0.202316,ford f108
215,-1.345439, 1.495535, 1.193953, 1.196836, 0.926671,-0.566412,dodge d100
216, 1.021519,-0.858191,-0.916398,-0.943922,-1.092611, 1.072019,honda accord cvcc
217, 0.829603,-0.858191,-0.791696,-0.630641,-0.962716,-0.275135,buick opel isuzu deluxe
218, 1.597265,-0.858191,-1.098656,-1.204991,-1.352402, 1.108429,renault 5 gtl
219, 0.253857,-0.858191,-0.686178,-0.212932,-0.791490,-0.020268,plymouth arrow gs
220, 1.277406,-0.858191,-1.041101,-0.891709,-1.210698, 0.453056,datsun f-10 hatchback
221,-0.769692, 1.495535, 1.069250, 1.066302, 1.074279,-1.112556,chevrolet caprice classic
222,-0.833664, 1.495535, 0.637588, 0.152564, 1.286835, 1.254067,oldsmobile cutlass supreme
223,-1.025579, 1.495535, 1.193953, 1.066302, 1.381305,-0.675641,dodge monaco brougham
224,-1.089551, 1.495535, 1.040473, 0.674700, 1.564339,-0.238726,mercury cougar brougham
225,-0.769692, 0.318672, 0.541663, 0.152564, 0.649167, 0.307418,chevrolet concours
226,-0.385861, 0.318672, 0.359405, 0.022030, 0.536985, 0.489466,buick skylark
227,-0.577777, 0.318672, 0.301850,-0.108504, 0.779063, 0.780743,plymouth volare custom
228,-0.641749, 0.318672, 0.541663,-0.160718, 0.655072, 1.254067,ford granada
229,-0.961608, 1.495535, 1.980538, 1.980041, 1.475774,-1.622290,pontiac grand prix lj
230,-1.025579, 1.495535, 1.500913, 1.718973, 1.410826,-1.513061,chevrolet monte carlo landau
231,-1.025579, 1.495535, 1.980538, 2.241109, 1.599765,-1.221785,chrysler cordoba
232,-0.961608, 1.495535, 1.510506, 1.170730, 1.611574,-0.384364,ford thunderbird
233, 0.701660,-0.858191,-0.925991,-0.682854,-1.216602,-0.384364,volkswagen rabbit custom
234, 0.125913,-0.858191,-0.407996,-0.421786,-0.271909, 0.161780,pontiac sunbird coupe
235, 0.317829,-0.858191,-0.925991,-0.761175,-0.832820, 0.962790,toyota corolla liftback
236, 0.253857,-0.858191,-0.513513,-0.395679,-0.254196, 0.088960,ford mustang ii 2+2
237, 0.893575,-0.858191,-0.916398,-1.074457,-1.085526, 0.525875,chevrolet chevette
238, 1.277406,-0.858191,-0.916398,-0.552320,-1.057185, 0.125370,dodge colt m/m
239, 0.829603,-0.858191,-0.925991,-0.970029,-1.163463, 0.307418,subaru dl
240, 0.893575,-0.858191,-0.925991,-0.682854,-0.921385,-0.530002,volkswagen dasher
241,-0.193946, 0.318672,-0.455958,-0.186825,-0.183344,-0.384364,datsun 810
242,-0.257918,-0.858191,-0.695771, 0.152564,-0.437230,-1.003327,bmw 320i
243,-0.257918,-1.446623,-1.089064, 0.152564,-0.295526,-0.748460,mazda rx-4
244, 2.505665,-0.858191,-0.993139,-1.466059,-1.163463, 2.164307,volkswagen rabbit custom diesel
245, 1.610060,-0.858191,-0.916398,-0.996136,-1.381924,-0.420774,ford fiesta
246, 1.187845,-0.858191,-1.108249,-1.361631,-1.163463, 1.399705,mazda glc deluxe
247, 2.032274,-0.858191,-1.041101,-0.891709,-1.063089, 1.108429,datsun b210 gx
248, 1.610060,-0.858191,-0.983546,-1.152777,-1.381924, 0.307418,honda civic cvcc
249,-0.462627, 1.495535, 0.637588, 0.152564, 0.466133,-0.020268,oldsmobile cutlass salon brougham
250,-0.526599, 1.495535, 1.193953, 0.935768, 0.903054,-0.857689,dodge diplomat
251,-0.424244, 1.495535, 1.040473, 0.909661, 0.708211,-1.003327,mercury monarch ghia
252,-0.552188, 0.318672, 0.359405, 0.022030, 0.666880, 1.326886,pontiac phoenix lj
253,-0.385861, 0.318672, 0.062037,-0.239038, 0.218151, 0.962790,chevrolet malibu
254,-0.424244, 0.318672, 0.062037,-0.500107,-0.006214, 0.088960,ford fairmont (auto)
255, 0.202679,-0.858191,-0.513513,-0.421786,-0.295526,-0.056678,ford fairmont (man)
256,-0.385861, 0.318672, 0.301850,-0.108504, 0.542889, 0.598695,plymouth volare
257,-0.526599, 0.318672, 0.368997,-0.369573, 0.283099, 0.598695,amc concord
258,-0.373067, 0.318672, 0.359405, 0.022030, 0.483846, 0.088960,buick century special
259,-0.347478, 0.318672, 0.062037,-0.500107, 0.117777, 0.416647,mercury zephyr
260,-0.628954, 0.318672, 0.301850, 0.152564, 0.767254, 1.144838,dodge aspen
261,-0.692926, 0.318672, 0.618403, 0.413632, 0.519272,-0.165907,amc concord d/l
262,-0.552188, 1.495535, 1.069250, 1.066302, 0.536985,-0.857689,chevrolet monte carlo landau
263,-0.744103, 0.318672, 0.359405, 1.588439, 0.560602,-0.784870,buick regal sport coupe (turbo)
264,-0.692926, 1.495535, 1.040473, 0.909661, 0.277194,-1.585880,ford futura
265,-0.769692, 1.495535, 1.193953, 0.935768, 1.310453,-0.675641,dodge magnum xe
266, 0.829603,-0.858191,-0.916398,-0.943922,-0.962716, 0.343828,chevrolet chevette
267, 0.509744,-0.858191,-0.571068,-0.239038,-0.484465,-0.493593,toyota corona
268, 0.471361,-0.858191,-0.714956,-0.186825,-0.791490,-0.311545,datsun 510
269, 0.944753,-0.858191,-0.849251,-0.761175,-0.874151,-0.384364,dodge omni
270,-0.309095,-0.858191,-0.571068,-0.239038,-0.537604,-0.275135,toyota celica gt liftback
271,-0.040413,-0.858191,-0.360033, 0.022030,-0.266004, 0.416647,plymouth sapporo
272, 0.036353,-0.858191,-0.407996,-0.500107,-0.136109, 0.744333,oldsmobile starfire sx
273, 0.049147,-0.858191,-0.714956,-0.186825,-0.667499,-0.238726,datsun 200-sx
274,-0.411450,-0.269760,-0.599846,-0.030184,-0.165631, 0.125370,audi 5000
275,-0.833664, 0.318672,-0.292886, 0.544166, 0.200438,-0.712050,volvo 264gl
276,-0.245123,-0.858191,-0.695771, 0.283098,-0.206961, 0.052551,saab 99gle
277,-0.936019, 0.318672,-0.292886, 0.753020, 0.519272, 0.088960,peugeot 604sl
278, 1.021519,-0.858191,-1.002731,-0.865602,-1.157559,-0.238726,volkswagen scirocco
279, 0.765631,-0.858191,-0.916398,-0.943922,-0.986333, 0.380237,honda accord lx
280,-0.257918, 0.318672, 0.359405, 0.283098, 0.324429,-0.056678,pontiac lemans v6
281,-0.475422, 0.318672, 0.062037,-0.500107, 0.023308, 0.962790,mercury zephyr 6
282,-0.155563,-0.858191,-0.513513,-0.421786,-0.094779, 0.635104,ford fairmont 4
283,-0.424244, 0.318672, 0.368997,-0.369573, 0.348046, 0.962790,amc concord dl 6
284,-0.373067, 0.318672, 0.301850, 0.152564, 0.460229, 0.380237,dodge aspen 6
285,-0.833664, 1.495535, 1.069250, 0.674700, 1.027045,-0.056678,chevrolet caprice classic
286,-0.756898, 1.495535, 1.040473, 0.648593, 0.891245,-0.784870,ford ltd landau
287,-0.897636, 1.495535, 1.510506, 0.883555, 1.162844,-0.857689,mercury grand marquis
288,-0.680132, 1.495535, 1.193953, 0.805234, 1.015236,-0.129497,dodge st. regis
289,-0.846458, 1.495535, 1.500913, 1.327370, 1.641096,-0.238726,buick estate wagon (sw)
290,-1.025579, 1.495535, 1.510506, 0.987982, 1.279750,-0.457183,ford country squire (sw)
291,-0.552188, 1.495535, 0.704735, 0.544166, 0.749541,-0.202316,chevrolet malibu classic (sw)
292,-0.641749, 1.495535, 1.596838, 1.196836, 1.145131,-0.930508,chrysler lebaron town @ country (sw)
293, 1.072696,-0.858191,-1.002731,-0.865602,-1.234315,-0.566412,vw rabbit custom
294, 1.354172,-0.858191,-1.031509,-1.022243,-1.175272,-0.129497,maxda glc deluxe
295, 1.558882,-0.858191,-0.916398,-0.630641,-1.246124,-0.420774,dodge colt hatchback custom
296, 0.496950,-0.858191,-0.695771,-0.630641,-0.354569,-0.202316,amc spirit dl
297, 0.241063,-0.269760,-0.101035,-0.708961, 0.660976, 1.654573,mercedes benz 300d
298,-0.066002, 1.495535, 1.500913, 0.544166, 1.097897, 0.671514,cadillac eldorado
299, 0.471361,-0.858191,-0.503921,-0.865602, 0.259481, 3.365823,peugeot 504
300, 0.049147, 1.495535, 0.637588,-0.369573, 0.531081, 2.419174,oldsmobile cutlass salon brougham
301, 1.366967,-0.858191,-0.849251,-0.891709,-0.909577,-0.857689,plymouth horizon
302, 1.405350,-0.858191,-0.849251,-0.891709,-0.968620,-0.238726,plymouth horizon tc3
303, 1.059902,-0.858191,-1.041101,-1.022243,-1.122133, 1.326886,datsun 210
304, 1.763592,-0.858191,-0.983546,-0.917816,-0.992237,-0.311545,fiat strada custom
305, 0.624893,-0.858191,-0.407996,-0.369573,-0.354569, 0.161780,buick skylark limited
306, 0.676071, 0.318672,-0.196960, 0.283098,-0.443134,-1.549471,chevrolet citation
307, 0.420184, 0.318672,-0.196960, 0.283098,-0.319143,-0.966917,oldsmobile omega brougham
308, 1.277406,-0.858191,-0.407996,-0.369573,-0.489188,-0.857689,pontiac phoenix
309, 2.300955,-0.858191,-0.916398,-0.735068,-0.975705,-0.311545,vw rabbit
310, 1.865947,-0.858191,-1.002731,-1.152777,-1.183538, 1.181248,toyota corolla tercel
311, 1.098285,-0.858191,-0.916398,-0.891709,-1.004046,-0.020268,chevrolet chevette
312, 1.750798,-0.858191,-1.031509,-1.022243,-1.123314, 0.307418,datsun 310
313, 0.573716,-0.858191,-0.407996,-0.369573,-0.345122, 0.343828,chevrolet citation
314, 0.369006,-0.858191,-0.513513,-0.421786,-0.118396, 0.926381,ford fairmont
315, 0.100325,-0.858191,-0.407996,-0.369573, 0.038659, 1.654573,amc concord
316,-0.564982, 0.318672, 0.301850,-0.369573, 0.485027, 1.144838,dodge aspen
317, 1.379761,-0.858191,-0.925991,-0.682854,-0.923747, 0.088960,audi 4000
318, 0.804015,-0.858191,-0.571068,-0.369573,-0.306154,-0.020268,toyota corona liftback
319, 0.995930,-0.858191,-0.705363,-0.761175,-0.505720, 0.707923,mazda 626
320, 1.725209,-0.858191,-0.714956,-0.317359,-0.633254,-0.202316,datsun 510 hatchback
321, 1.111079,-0.858191,-0.820473,-0.761175,-0.832820,-0.129497,toyota corolla
322, 2.953468,-0.858191,-1.031509,-1.022243,-1.015855, 0.853562,mazda glc
323, 0.560922,-0.858191,-0.360033, 0.022030,-0.201057,-0.420774,dodge colt
324, 2.211395,-0.858191,-1.041101,-1.022243,-1.015855, 1.326886,datsun 210
325, 2.659197,-0.858191,-0.993139,-1.466059,-1.045376, 2.237126,vw rabbit c (diesel)
326, 2.544048,-0.858191,-0.993139,-1.466059,-0.750160, 2.965318,vw dasher (diesel)
327, 1.648443,-0.269760,-0.695771,-0.970029,-0.023927, 1.581753,audi 5000s (diesel)
328, 0.829603,-0.858191,-0.455958,-0.970029, 0.330333, 2.273535,mercedes-benz 240d
329, 2.697580,-0.858191,-0.983546,-0.970029,-1.322880,-0.639231,honda civic 1500 gl
330, 2.224189,-0.858191,-1.041101,-0.708961,-1.340593, 0.635104,renault lecar deluxe
331, 1.315789,-0.858191,-0.925991,-0.970029,-0.974524, 0.889971,subaru dl
332, 0.804015,-0.858191,-1.002731,-1.100563,-1.328785,-0.093087,vokswagen rabbit
333, 1.175051, 0.318672,-0.244923, 0.726914,-0.071161,-1.513061,datsun 280-zx
334, 0.023558,-1.446623,-1.184989,-0.108504,-0.649786,-1.112556,mazda rx-7 gs
335, 1.469322,-0.858191,-0.686178,-0.421786,-0.555317,-0.165907,triumph tr7 coupe
336, 0.010764,-0.858191,-0.513513,-0.708961,-0.077066,-0.457183,ford mustang cobra
337, 1.136668,-0.858191,-0.830066,-0.839495,-0.803299, 0.525875,honda accord
338, 0.471361,-0.858191,-0.561476,-0.526213,-0.567125, 0.052551,plymouth reliant
339, 0.394595,-0.858191,-0.407996,-0.526213,-0.395900, 0.307418,buick skylark
340, 0.292240,-0.858191,-0.360033,-0.317359,-0.413613,-0.420774,dodge aries wagon (sw)
341,-0.002030, 0.318672,-0.196960, 0.152564,-0.289622,-1.076146,chevrolet citation
342, 0.829603,-0.858191,-0.561476,-0.526213,-0.691116,-0.966917,plymouth reliant
343, 1.993890,-0.858191,-1.098656,-1.204991,-1.435063, 0.489466,toyota starlet
344, 1.981096,-0.858191,-1.031509,-1.048350,-1.293358, 0.307418,plymouth champ
345, 1.482116,-0.858191,-1.079471,-1.152777,-1.429158, 0.198189,honda civic 1300
346, 1.123874,-0.858191,-0.925991,-0.970029,-1.068994, 0.817152,subaru
347, 1.725209,-0.858191,-1.041101,-1.022243,-1.175272, 1.399705,datsun 210 mpg
348, 1.814769,-0.858191,-1.002731,-1.100563,-1.086707, 0.635104,toyota tercel
349, 1.354172,-0.858191,-0.983546,-0.943922,-1.163463, 0.161780,mazda glc 4
350, 1.430938,-0.858191,-0.849251,-1.074457,-0.891864,-0.238726,plymouth horizon 4
351, 1.392555,-0.858191,-0.916398,-1.022243,-1.092611, 0.234599,ford escort 4w
352, 0.816809,-0.858191,-0.916398,-1.022243,-0.697021, 1.873030,ford escort 2h
353, 1.213434,-0.858191,-0.849251,-0.787282,-0.921385,-0.493593,volkswagen jetta
354, 1.405350,-0.858191,-0.897213,-0.708961,-0.767873, 0.088960,renault 18i
355, 1.302995,-0.858191,-0.830066,-0.761175,-0.897768,-0.420774,honda prelude
356, 1.136668,-0.858191,-0.820473,-0.761175,-0.732447, 0.453056,toyota corolla
357, 1.200640,-0.858191,-0.714956,-0.108504,-0.419517,-0.275135,datsun 200sx
358, 1.034313,-0.858191,-0.705363,-0.787282,-0.395900, 0.999200,mazda 626
359, 0.586510,-0.858191,-0.503921,-0.630641, 0.306716, 1.763801,peugeot 505s turbo diesel
360, 0.919164, 0.318672,-0.465551,-0.735068, 0.224055, 1.472525,volvo diesel
361, 0.241063, 0.318672,-0.244923, 0.309205,-0.082970,-1.076146,toyota cressida
362, 0.087530, 0.318672,-0.455958, 0.413632,-0.047544,-0.639231,datsun 810 maxima
363,-0.142768, 0.318672, 0.359405, 0.152564, 0.525176, 0.088960,buick century
364, 0.394595, 1.495535, 1.500913, 0.022030, 0.891245, 1.254067,oldsmobile cutlass ls
365,-0.424244, 0.318672, 0.062037,-0.421786, 0.105969, 0.562285,ford granada gl
366,-0.756898, 0.318672, 0.301850,-0.500107, 0.584220, 0.380237,chrysler lebaron salon
367, 0.573716,-0.858191,-0.782103,-0.421786,-0.431326, 1.472525,chevrolet cavalier
368, 0.445772,-0.858191,-0.782103,-0.421786,-0.389995, 1.108429,chevrolet cavalier wagon
369, 1.341378,-0.858191,-0.782103,-0.421786,-0.679308, 0.889971,chevrolet cavalier 2-door
370, 0.957547,-0.858191,-0.782103,-0.500107,-0.466752, 0.234599,pontiac j2000 se hatchback
371, 0.701660,-0.858191,-0.561476,-0.526213,-0.525795, 0.161780,dodge aries se
372, 0.445772,-0.858191,-0.407996,-0.369573,-0.277813, 0.889971,pontiac phoenix
373, 0.061941,-0.858191,-0.513513,-0.317359,-0.124300, 0.307418,ford fairmont futura
374, 1.597265,-0.858191,-0.849251,-0.787282,-1.169367,-0.093087,volkswagen rabbit l
375, 1.725209,-0.858191,-0.983546,-0.943922,-1.116228, 0.962790,mazda glc custom l
376, 0.957547,-0.858191,-0.983546,-0.943922,-1.181176, 0.744333,mazda glc custom
377, 1.853152,-0.858191,-0.849251,-1.074457,-0.998142,-0.311545,plymouth horizon miser
378, 1.597265,-0.858191,-0.916398,-0.891709,-0.998142, 0.635104,mercury lynx l
379, 1.597265,-0.858191,-0.705363,-0.421786,-0.956811,-0.384364,nissan stanza xe
380, 1.597265,-0.858191,-0.830066,-0.761175,-0.903672,-0.384364,honda accord
381, 1.341378,-0.858191,-0.820473,-0.891709,-0.856438, 0.489466,toyota corolla
382, 1.853152,-0.858191,-0.983546,-0.970029,-1.187080,-0.202316,honda civic
383, 1.085491,-0.858191,-0.983546,-0.970029,-1.187080, 0.052551,honda civic (auto)
384, 1.853152,-0.858191,-0.983546,-0.970029,-1.151654, 0.234599,datsun 310 gx
385, 0.189885, 0.318672,-0.120220, 0.152564,-0.029831, 0.307418,buick century limited
386, 1.853152, 0.318672, 0.656773,-0.500107, 0.052830, 0.525875,oldsmobile cutlass ciera (diesel)
387, 0.317829,-0.858191,-0.360033,-0.317359,-0.454943,-0.384364,chrysler lebaron medallion
388,-0.193946, 0.318672, 0.368997, 0.204777,-0.159726,-0.311545,ford granada l
389, 1.085491,-0.858191,-0.475143,-0.212932,-0.360474,-0.602822,toyota celica gt
390, 1.597265,-0.858191,-0.561476,-0.526213,-0.708829,-0.930508,dodge charger 2.2
391, 0.445772,-0.858191,-0.407996,-0.369573,-0.023927, 0.635104,chevrolet camaro
392, 0.445772,-0.858191,-0.513513,-0.474000,-0.212865, 0.016141,ford mustang gl
393, 2.620814,-0.858191,-0.925991,-1.361631,-0.992237, 3.293004,vw pickup
394, 1.085491,-0.858191,-0.561476,-0.526213,-0.797394,-1.440242,dodge rampage
395, 0.573716,-0.858191,-0.705363,-0.656747,-0.407708, 1.108429,ford ranger
396, 0.957547,-0.858191,-0.714956,-0.578427,-0.295526, 1.399705,chevy s-10
